Date,Aircraft Type,Aircraft Registration,Route of Flight From,Route of Flight Via,Route of Flight To,Duration of Flight,PIC,SIC,Cross Country,Dual Received,Solo,Part 121,Part 135,Day T-O,Day Ldg,Night T-O,Night Ldg,Approaches Instrument,Approaches Non-Instrument,Night,Actual Instrument,Simulated Instrument,Flight Simulator
2013-03-28,C310R,C310R,,,,23:54,,,5:36,23:54,,,,,,,,,,2:24,,,
2013-05-09,C172 C152,C172 C152,,,,227:06,77:24,,73:42,149:42,,,,,,,,,,16:06,,,
2016-11-18,C208B,C208B,,,,2006:36,1022:24,984:12,2006:36,,,,,,,,,,,173:54,122:24,,
2016-12-23,PA34,PA34,,,,1:46,1:46,,1:46,,,,,,,,,,,,,,
2016-12-27,,,,,,,,,,,,,,,,,,,,,,,13:00
2017-02-21,,,,,,,,,,,,,,,,,,,,,,,32:00
2017-03-02,,,,,,,,,,,,,,,,,,,,,,,6:15
2017-03-15,E170,N860RW,KORD,,KLGA,2:21,,2:21,2:21,,,,,1,1,,,,,,2:21,,
2017-03-15,E170,N860RW,KLGA,,KORD,2:17,,2:17,2:17,,,,,1,1,,,,,,2:17,,
2017-03-15,E170,N212JQ,KORD,,KLGA,2:05,,2:05,2:05,,,,,1,1,,,,,,2:05,,
2017-03-16,E170,N210JQ,KLGA,,KBNA,2:21,,2:21,2:21,,,,,1,1,,,,,,2:21,,
2017-03-16,E170,N210JQ,KBNA,,KLGA,2:12,,2:12,2:12,,,,,1,1,,,,,,2:12,,
2017-03-16,E170,N208JQ,KLGA,,KORD,2:15,,2:15,2:15,,,,,1,1,,,,,,2:15,,
2017-03-18,E170,N655RW,KORD,,KEYW,3:15,,3:15,3:15,,,,,1,1,,,,,,3:15,,
2017-03-18,E170,N655RW,KEYW,,KORD,3:32,,3:32,3:32,,,,,1,1,,,,,,3:32,,
2017-03-18,E170,N855RW,KORD,,KGRR,0:57,,0:57,0:57,,,,,1,1,,,,,,0:57,,
2017-03-19,E170,N655RW,KGRR,,KIAH,2:56,,2:56,2:56,,,,,1,1,,,,,,2:56,,
2017-03-19,E170,N655RW,KIAH,,KTUL,1:31,,1:31,1:31,,,,,1,1,,,,,,1:31,,
2017-03-20,E170,N864RW,KIAH,,KAUS,0:53,,0:53,0:53,,,,,1,1,,,,,,0:53,,
2017-03-20,E170,N864RW,KAUS,,KORD,2:36,,2:36,2:36,,,,,1,1,,,,,,2:36,,
2017-03-21,E170,N213JQ,KORD,,KLGA,1:53,,1:53,1:53,,,,,1,1,,,,,,1:53,,
2017-03-21,E170,N213JQ,KLGA,,KORD,2:38,,2:38,2:38,,,,,1,1,,,,,,2:38,,
2017-03-28,E170,N818MD,KORD,,KLGA,2:07,,2:07,2:07,,,,,1,1,,,,,,2:07,,
2017-03-29,E170,N871RW,KLGA,,KDCA,1:33,,1:33,1:33,,,,,,,,,,,,1:33,,
2017-03-29,E170,N870RW,KDCA,,KLGA,1:39,,1:39,1:39,,,,,1,1,,,,,,1:39,,
2017-04-02,E170,N207JQ,KLGA,,KBUF,1:18,,1:18,1:18,,,,,,,1,1,,,1:17,1:18,,
2017-04-03,E170,N205JQ,KBUF,,KDTW,1:06,,1:06,1:06,,,,,1,1,,,,,,1:06,,
2017-04-03,E170,N206JQ,KORD,,KLGA,2:17,,2:17,2:17,,,,,,,,,,,2:01,2:17,,
2017-04-07,E170,N201JQ,KCHS,,KLGA,2:26,,2:26,2:26,,,,,1,,,1,,,0:37,2:26,,
2017-04-07,E170,N201JQ,KLGA,,KCHS,2:06,,2:06,2:06,,,,,,,1,1,,,2:06,2:06,,
2017-04-10,E170,N431YX,KLGA,,KBNA,2:24,,2:24,2:24,,,,,1,1,,,,,,2:24,,
2017-04-10,E170,N431YX,KBNA,,KLGA,2:06,,2:06,2:06,,,,,1,,,1,,,2:01,2:06,,
2017-04-19,E170,N438YX,KLGA,,KXNA,3:04,,3:04,3:04,,,,,1,1,,,,,,3:04,,
2017-04-19,E170,N438YX,KXNA,,KLGA,2:51,,2:51,2:51,,,,,1,,,1,,,0:44,2:51,,
2017-04-20,E170,N211JQ,KLGA,,KBOS,1:47,,1:47,1:47,,,,,1,1,,,,,,1:47,,
2017-04-20,E170,N211JQ,KBOS,,KLGA,1:20,,1:20,1:20,,,,,,,1,1,,,1:19,1:20,,
2017-04-23,E170,N875RW,KLGA,,KDFW,3:51,,3:51,3:51,,,,,1,,,1,,,2:45,3:51,,
2017-04-23,E170,N873RW,KORD,,KLGA,1:56,,1:56,1:56,,,,,1,1,,,,,,1:56,,
2017-04-24,E170,N876RW,KLGA,,KROC,1:08,,1:08,1:08,,,,,,,1,1,,,1:07,1:08,,
2017-04-24,E170,N213JQ,KDFW,,KLGA,3:56,,3:56,3:56,,,,,1,,,1,,,0:28,3:56,,
2017-04-25,E170,N874RW,KROC,,KLGA,1:24,,1:24,1:24,,,,,1,1,,,,,,1:24,,
2017-04-25,E170,N205JQ,KLGA,,KORD,2:13,,2:13,2:13,,,,,1,,,1,,,1:40,2:13,,
2017-04-29,E170,N862RW,KORD,,KEYW,3:02,,3:02,3:02,,,,,1,1,,,,,,3:02,,
2017-04-29,E170,N862RW,KEYW,,KORD,3:19,,3:19,3:19,,,,,1,1,,,,,,3:19,,
2017-04-30,E170,N656RW,KORD,,KATL,2:16,,2:16,2:16,,,,,1,1,,,,,,2:16,,
2017-04-30,E170,N656RW,KATL,,KIAH,2:37,,2:37,2:37,,,,,1,1,,,,,,2:37,,
2017-04-30,E170,N631RW,KIAH,,KOMA,2:01,,2:01,2:01,,,,,,,1,1,,,2:01,2:01,,
2017-05-01,E170,N632RW,KOMA,,KORD,1:30,,1:30,1:30,,,,,1,1,,,,,,1:30,,
2017-05-04,E170,N874RW,KLGA,,KDCA,1:27,,1:27,1:27,,,,,1,1,,,,,,1:27,,
2017-05-04,E170,N868RW,KDCA,,KMSN,2:08,,2:08,2:08,,,,,1,1,,,,,,2:08,,
2017-05-04,E170,N868RW,KMSN,,KDCA,1:56,,1:56,1:56,,,,,1,1,,,,,,1:56,,
2017-05-05,E170,N873RW,KDCA,,KLGA,1:14,,1:14,1:14,,,,,,,1,1,,,1:13,1:14,,
2017-05-08,E170,N204JQ,KLGA,,KORD,2:16,,2:16,2:16,,,,,1,1,,,,,,2:16,,
2017-05-08,E170,N204JQ,KORD,,KLGA,1:54,,1:54,1:54,,,,,1,1,,,,,,1:54,,
2017-05-18,E170,N874RW,KORD,,KLGA,2:06,,2:06,2:06,,,,,1,1,,,,,,2:06,,
2017-05-18,E170,N874RW,KLGA,,KORD,3:07,,3:07,3:07,,,,,1,1,,,,,,3:07,,
2017-05-18,E170,N874RW,KORD,,KLGA,3:06,,3:06,3:06,,,,,1,,,1,,,2:43,3:06,,
2017-05-19,E170,N211JQ,KLGA,,KIAH,3:58,,3:58,3:58,,,,,1,1,,,,,,3:58,,
2017-05-19,E170,N211JQ,KIAH,,KLGA,3:57,,3:57,3:57,,,,,1,,,1,,,1:29,3:57,,
2017-05-20,E170,N870RW,KLGA,,KBNA,2:40,,2:40,2:40,,,,,1,1,,,,,,2:40,,
2017-05-20,E170,N870RW,KBNA,,KLGA,2:20,,2:20,2:20,,,,,1,1,,,,,,2:20,,
2017-05-20,E170,N872RW,KLGA,,KBOS,1:06,,1:06,1:06,,,,,1,1,,,,,,1:06,,
2017-05-21,E170,N872RW,KBOS,,KLGA,1:16,,1:16,1:16,,,,,1,1,,,,,,1:16,,
2017-05-21,E170,N207JQ,KLGA,,KORD,2:22,,2:22,2:22,,,,,1,1,,,,,,2:22,,
2017-05-23,E170,N205JQ,KLGA,,KBNA,2:38,,2:38,2:38,,,,,1,1,,,,,,2:38,,
2017-05-24,E170,N207JQ,KBNA,,KLGA,2:27,,2:27,2:27,,,,,1,1,,,,,,2:27,,
2017-05-24,E170,N211JQ,KLGA,,KDFW,4:24,,4:24,4:24,,,,,1,1,,,,,,4:24,,
2017-05-25,E170,N201JQ,KDFW,,KLGA,4:17,,4:17,4:17,,,,,1,1,,,,,,4:17,,
2017-05-29,E170,N414YX,KLGA,,KPIT,1:21,,1:21,1:21,,,,,1,1,,,,,,1:21,,
2017-06-01,E170,N214JQ,KORD,,KLGA,2:07,,2:07,2:07,,,,,1,1,,,,,,2:07,,
2017-06-01,E170,N824MD,KLGA,,KCMH,1:47,,1:47,1:47,,,,,1,1,,,,,,1:47,,
2017-06-02,E170,N875RW,KLGA,,KORD,2:17,,2:17,2:17,,,,,1,1,,,,,,2:17,,
2017-06-02,E170,N824MD,KCMH,,KLGA,1:41,,1:41,1:41,,,,,1,1,,,,,,1:41,,
2017-06-03,E170,N644RW,KORD,,KEWR,1:56,,1:56,1:56,,,,,1,1,,,,,,1:56,,
2017-06-03,E170,N655RW,KEWR,,KSDF,2:11,,2:11,2:11,,,,,1,1,,,,,,2:11,,
2017-06-12,E170,N723YX,KORD,,KMEM,1:43,,1:43,1:43,,,,,1,1,,,,,,1:43,,
2017-06-13,E170,N642RW,KMEM,,KDEN,2:26,,2:26,2:26,,,,,1,1,,,,,,2:26,,
2017-06-16,E170,N863RW,KORD,,KSAT,2:57,,2:57,2:57,,,,,1,1,,,,,,2:57,,
2017-06-16,E170,N863RW,KSAT,,KIAH,1:00,,1:00,1:00,,,,,1,1,,,,,,1:00,,
2017-06-17,E170,N637RW,KIAH,,KSLC,2:57,,2:57,2:57,,,,,1,1,,,,,,2:57,,
2017-06-17,E170,N638RW,KSLC,,KIAH,2:56,,2:56,2:56,,,,,1,1,,,,,,2:56,,
2017-06-18,E170,N651RW,KIAH,,KABQ,2:06,,2:06,2:06,,,,,1,1,,,,,,2:06,,
2017-06-18,E170,N651RW,KABQ,,KIAH,2:05,,2:05,2:05,,,,,1,1,,,,,,2:05,,
2017-06-19,E170,N740YX,KORD,,KBNA,1:25,,1:25,1:25,,,,,1,1,,,,,,1:25,,
2017-06-19,E170,N740YX,KBNA,,KEWR,2:12,,2:12,2:12,,,,,1,1,,,,,,2:12,,
2017-06-19,E170,N357FC,KEWR,,KEWR,0:19,,0:19,0:19,,,,,1,1,,,,,,0:19,,
2017-06-22,E170,N650RW,KRME,,KPIT,1:14,,1:14,1:14,,,,,1,1,,,,,,1:14,,
2017-06-23,E170,N128HQ,KCMH,,KPHL,1:37,,1:37,1:37,,,,,1,1,,,,,,1:37,,
2017-06-23,E170,N108HQ,KPHL,,KDCA,1:10,,1:10,1:10,,,,,1,,,1,,,0:04,1:10,,
2017-06-24,E170,N117HQ,KDCA,,KMSP,2:23,,2:23,2:23,,,,,,,1,1,,,2:23,2:23,,
2017-06-25,E170,N429YX,KLGA,,KXNA,3:10,,3:10,3:10,,,,,1,1,,,,,,3:10,,
2017-06-25,E170,N429YX,KXNA,,KLGA,2:37,,2:37,2:37,,,,,1,1,,,,,,2:37,,
2017-06-30,E170,N882RW,KDCA,,KMSN,2:17,,2:17,2:17,,,,,1,1,,,,,,2:17,,
2017-06-30,E170,N212JQ,KORD,,KLGA,2:15,,2:15,2:15,,,,,1,1,,,,,,2:15,,
2017-06-30,E170,N208JQ,KLGA,,KDCA,1:03,,1:03,1:03,,,,,1,1,,,,,,1:03,,
2017-07-01,E170,N868RW,KMSN,,KDTW,1:17,,1:17,1:17,,,,,1,1,,,,,,1:17,,
2017-07-01,E170,N868RW,KDTW,,KMDW,1:14,,1:14,1:14,,,,,1,1,,,,,,1:14,,
2017-07-01,E170,N868RW,KMDW,,KDTW,1:21,,1:21,1:21,,,,,1,1,,,,,,1:21,,
2017-07-02,E170,N869RW,KSDF,,KLGA,2:02,,2:02,2:02,,,,,1,1,,,,,,2:02,,
2017-07-02,E170,N208JQ,KLGA,,KORD,2:26,,2:26,2:26,,,,,1,1,,,,,,2:26,,
2017-07-05,E170,N730YX,KORD,,KSTL,1:26,,1:26,1:26,,,,,1,1,,,,,,1:26,,
2017-07-05,E170,N730YX,KSTL,,KORD,1:06,,1:06,1:06,,,,,1,1,,,,,,1:06,,
2017-07-05,E170,N730YX,KORD,,KIND,1:19,,1:19,1:19,,,,,1,1,,,,,,1:19,,
2017-07-08,E170,N880RW,KORD,,KLGA,1:49,,1:49,1:49,,,,,1,1,,,,,,1:49,,
2017-07-08,E170,N867RW,KLGA,,KIND,2:24,,2:24,2:24,,,,,1,1,,,,,,2:24,,
2017-07-09,E170,N867RW,KIND,,KBOS,2:08,,2:08,2:08,,,,,1,1,,,,,,2:08,,
2017-07-09,E170,N212JQ,KBOS,,KLGA,1:21,,1:21,1:21,,,,,1,1,,,,,,1:21,,
2017-07-10,E170,N810MD,KRIC,,KBOS,1:38,,1:38,1:38,,,,,1,1,,,,,,1:38,,
2017-07-10,E170,N810MD,KBOS,,KLGA,1:22,,1:22,1:22,,,,,1,1,,,,,,1:22,,
2017-07-10,E170,N871RW,KLGA,,KORD,2:30,,2:30,2:30,,,,,1,1,,,,,,2:30,,
2017-07-12,E170,N858RW,KORD,,KSDF,1:13,,1:13,1:13,,,,,1,1,,,,,,1:13,,
2017-07-12,E170,N858RW,KSDF,,KORD,1:43,,1:43,1:43,,,,,1,1,,,,,,1:43,,
2017-07-20,E170,N138HQ,KPHL,,KBGR,1:43,,1:43,1:43,,,,,1,1,,,,,,1:43,,
2017-07-20,E170,N138HQ,KBGR,,KPHL,1:39,,1:39,1:39,,,,,1,1,,,,,,1:39,,
2017-07-22,E170,N732YX,KORD,,KBNA,1:30,,1:30,1:30,,,,,1,1,,,,,,1:30,,
2017-07-22,E170,N732YX,KBNA,,KEWR,2:03,,2:03,2:03,,,,,1,1,,,,,,2:03,,
2017-07-25,E170,N748YX,KORD,,KDSM,1:22,,1:22,1:22,,,,,1,1,,,,,,1:22,,
2017-08-01,E170,N730YX,KIND,,KEWR,2:04,,2:04,2:04,,,,,1,,,1,,,0:55,2:04,,
2017-08-01,E170,N643RW,KEWR,,KIND,2:00,,2:00,2:00,,,,,,,1,1,,,2:00,2:00,,
2017-08-03,E170,N204JQ,KORD,,KLGA,2:53,,2:53,2:53,,,,,1,1,,,,,,2:53,,
2017-08-05,E170,N637RW,KORD,,KSTL,1:12,,1:12,1:12,,,,,1,1,,,,,,1:12,,
2017-08-05,E170,N637RW,KSTL,,KEWR,2:19,,2:19,2:19,,,,,1,1,,,,,,2:19,,
2017-08-05,E170,N979RP,KEWR,,KCMH,1:45,,1:45,1:45,,,,,,,1,1,,,1:45,1:45,,
2017-08-06,E170,N410YX,KCMH,,KMIA,2:38,,2:38,2:38,,,,,1,1,,,,,,2:38,,
2017-08-09,E170,N213JQ,KORD,,KLGA,2:10,,2:10,2:10,,,,,1,1,,,,,,2:10,,
2017-08-10,E170,N875RW,KDCA,,KLGA,1:06,,1:06,1:06,,,,,1,1,,,,,,1:06,,
2017-08-10,E170,N872RW,KLGA,,KDCA,1:07,,1:07,1:07,,,,,1,1,,,,,,1:07,,
2017-08-10,E170,N871RW,KLGA,,KORD,3:04,,3:04,3:04,,,,,1,1,,,,,,3:04,,
2017-08-12,E170,N732YX,KEWR,,KRSW,3:04,,3:04,3:04,,,,,,,1,1,,,3:04,3:04,,
2017-08-13,E170,N739YX,KEWR,,KBNA,2:33,,2:33,2:33,,,,,1,1,,,,,,2:33,,
2017-08-13,E170,N739YX,KBNA,,KORD,1:41,,1:41,1:41,,,,,1,,,1,,,0:22,1:41,,
2017-08-16,E170,N723YX,KORD,,KATL,2:24,,2:24,2:24,,,,,1,,,1,,,0:27,2:24,,
2017-08-16,E170,N723YX,KATL,,KORD,2:05,,2:05,2:05,,,,,,,1,1,,,2:05,2:05,,
2017-08-18,E170,N644RW,KSAT,,KIAH,1:00,,1:00,1:00,,,,,1,1,,,,,,1:00,,
2017-08-18,E170,N637RW,KIAH,,KOKC,1:18,,1:18,1:18,,,,,1,1,,,,,,1:18,,
2017-08-18,E170,N633RW,KOKC,,KIAH,1:14,,1:14,1:14,,,,,1,1,,,,,,1:14,,
2017-08-22,E170,N744YX,KORD,,KDCA,1:47,,1:47,1:47,,,,,1,1,,,,,,1:47,,
2017-08-22,E170,N744YX,KDCA,,KORD,2:03,,2:03,2:03,,,,,1,1,,,,,,2:03,,
2017-08-28,E170,N736YX,KORD,,KRDU,1:59,,1:59,1:59,,,,,,,1,1,,,1:59,1:59,,
2017-08-29,E170,N726YX,KEWR,,KMSP,2:48,,2:48,2:48,,,,,1,,,1,,,2:28,2:48,,
2017-08-29,E170,N634RW,KRDU,,KEWR,1:29,,1:29,1:29,,,,,1,1,,,,,,1:29,,
2017-08-30,E170,N638RW,KMSP,,KEWR,2:57,,2:57,2:57,,,,,1,1,,,,,,2:57,,
2017-08-31,E170,N739YX,KORD,,KCMH,1:20,,1:20,1:20,,,,,1,1,,,,,,1:20,,
2017-08-31,E170,N739YX,KCMH,,KORD,1:29,,1:29,1:29,,,,,1,1,,,,,,1:29,,
2017-09-01,E170,N732YX,KORD,,KDTW,1:16,,1:16,1:16,,,,,1,1,,,,,,1:16,,
2017-09-01,E170,N732YX,KDTW,,KEWR,2:06,,2:06,2:06,,,,,1,,,1,,,0:55,2:06,,
2017-09-01,E170,N654RW,KEWR,,KBWI,0:55,,0:55,0:55,,,,,,,1,1,,,0:55,0:55,,
2017-09-02,E170,N748YX,KEWR,,KRDU,1:31,,1:31,1:31,,,,,1,1,,,,,,1:31,,
2017-09-02,E170,N748YX,KRDU,,KORD,2:06,,2:06,2:06,,,,,1,1,,,,,,2:06,,
2017-09-05,E170,N741YX,KORD,,CYUL,1:57,,1:57,1:57,,,,,,,1,1,,,1:57,1:57,,
2017-09-07,E170,N216JQ,KORD,,KLGA,2:04,,2:04,2:04,,,,,1,1,,,,,,2:04,,
2017-09-07,E170,N868RW,KLGA,,KDFW,3:48,,3:48,3:48,,,,,1,1,,,,,,3:48,,
2017-09-08,E170,N867RW,KDFW,,KDTW,2:53,,2:53,2:53,,,,,1,1,,,,,,2:53,,
2017-09-08,E170,N867RW,KDTW,,KDFW,2:40,,2:40,2:40,,,,,1,1,,,,,,2:40,,
2017-09-09,E170,N868RW,KDFW,,KDTW,2:38,,2:38,2:38,,,,,1,1,,,,,,2:38,,
2017-09-10,E170,N205JQ,KLEX,,KDCA,1:16,,1:16,1:16,,,,,,1,1,,,,0:13,1:16,,
2017-09-10,E170,N205JQ,KDCA,,KLGA,1:10,,1:10,1:10,,,,,1,1,,,,,,1:10,,
2017-09-10,E170,N209JQ,KLGA,,KORD,2:30,,2:30,2:30,,,,,1,1,,,,,,2:30,,
2017-09-13,E170,N656RW,KORD,,KJAX,2:17,,2:17,2:17,,,,,1,1,,,,,,2:17,,
2017-09-13,E170,N656RW,KJAX,,KDTW,2:02,,2:02,2:02,,,,,1,1,,,,,,2:02,,
2017-09-14,E170,N725YX,KDTW,,KEWR,1:41,,1:41,1:41,,,,,1,1,,,,,,1:41,,
2017-09-14,E170,N641RW,KEWR,,KDFW,3:32,,3:32,3:32,,,,,1,1,,,,,,3:32,,
2017-09-15,E170,N732YX,KDFW,,KEWR,3:18,,3:18,3:18,,,,,1,1,,,,,,3:18,,
2017-09-15,E170,N634RW,KEWR,,CYOW,1:18,,1:18,1:18,,,,,1,1,,,,,,1:18,,
2017-09-16,E170,N731YX,KEWR,,KMEM,2:25,,2:25,2:25,,,,,1,1,,,,,,2:25,,
2017-09-16,E170,N731YX,KMEM,,KORD,1:44,,1:44,1:44,,,,,1,1,,,,,,1:44,,
2017-09-16,E170,N639RW,CYOW,,KEWR,1:12,,1:12,1:12,,,,,,1,1,,,,0:10,1:12,,
2017-09-17,E170,N743YX,KORD,,KBTV,2:03,,2:03,2:03,,,,,1,1,,,,,,2:03,,
2017-09-18,E170,N730YX,KBTV,,KEWR,1:09,,1:09,1:09,,,,,,1,1,,,,0:10,1:09,,
2017-09-18,E170,N730YX,KEWR,,KCVG,1:47,,1:47,1:47,,,,,1,1,,,,,,1:47,,
2017-09-18,E170,N730YX,KCVG,,KORD,1:29,,1:29,1:29,,,,,1,1,,,,,,1:29,,
2017-09-21,E170,N201JQ,KORD,,KLGA,2:02,,2:02,2:02,,,,,1,1,,,,,,2:02,,
2017-09-21,E170,N206JQ,KLGA,,KBOS,1:12,,1:12,1:12,,,,,1,1,,,,,,1:12,,
2017-09-21,E170,N206JQ,KBOS,,KLGA,1:39,,1:39,1:39,,,,,1,,,1,,,1:17,1:39,,
2017-09-21,E170,N206JQ,KLGA,,KBOS,1:10,,1:10,1:10,,,,,,,1,1,,,1:10,1:10,,
2017-09-22,E170,N207JQ,KBOS,,KMKE,2:27,,2:27,2:27,,,,,1,,,1,,,1:23,2:27,,
2017-09-22,E170,N207JQ,KMKE,,KBOS,2:37,,2:37,2:37,,,,,,,1,1,,,2:37,2:37,,
2017-09-23,E170,N868RW,KBOS,,KLGA,1:17,,1:17,1:17,,,,,1,1,,,,,,1:17,,
2017-09-23,E170,N874RW,KLGA,,KIND,1:58,,1:58,1:58,,,,,1,1,,,,,,1:58,,
2017-09-24,E170,N207JQ,KIND,,KLGA,2:02,,2:02,2:02,,,,,1,1,,,,,,2:02,,
2017-09-24,E170,N207JQ,KLGA,,KORD,2:26,,2:26,2:26,,,,,1,1,,,,,,2:26,,
2017-09-26,E170,N732YX,KORD,,CYYZ,1:55,,1:55,1:55,,,,,1,1,,,,,,1:55,,
2017-09-26,E170,N732YX,CYYZ,,KORD,1:33,,1:33,1:33,,,,,1,1,,,,,,1:33,,
2017-09-28,E170,N644RW,KORD,,KIND,1:08,,1:08,1:08,,,,,1,,,1,,,0:04,1:08,,
2017-09-29,E170,N636RW,KIND,,KIAH,2:22,,2:22,2:22,,,,,1,1,,,,,,2:22,,
2017-09-29,E170,N636RW,KIAH,,KIND,2:03,,2:03,2:03,,,,,1,1,,,,,,2:03,,
2017-10-01,E170,N650RW,KORD,,KDTW,1:08,,1:08,1:08,,,,,1,1,,,,,,1:08,,
2017-10-01,E170,N650RW,KDTW,,KEWR,2:21,,2:21,2:21,,,,,1,,,1,,,1:46,2:21,,
2017-10-01,E170,N863RW,KEWR,,KDTW,1:53,,1:53,1:53,,,,,,,1,1,,,1:53,1:53,,
2017-10-02,E170,N724YX,KDTW,,KEWR,1:45,,1:45,1:45,,,,,1,,,1,,,0:15,1:45,,
2017-10-02,E170,N740YX,KEWR,,KDFW,3:36,,3:36,3:36,,,,,,,1,1,,,3:36,3:36,,
2017-10-03,E170,N863RW,KIAH,,KABQ,2:39,,2:39,2:39,,,,,1,1,,,,,,2:39,,
2017-10-03,E170,N863RW,KABQ,,KIAH,2:03,,2:03,2:03,,,,,,,1,1,,,2:03,2:03,,
2017-10-03,E170,N863RW,KIAH,,KBTR,0:58,,0:58,0:58,,,,,,,1,1,,,0:58,0:58,,
2017-10-04,E170,N645RW,KIAH,,KOKC,1:29,,1:29,1:29,,,,,1,1,,,,,,1:29,,
2017-10-04,E170,N645RW,KOKC,,KORD,2:13,,2:13,2:13,,,,,1,,,1,,,0:46,2:13,,
2017-10-06,E170,N862RW,KORD,,KCLT,2:11,,2:11,2:11,,,,,1,1,,,,,,2:11,,
2017-10-06,E170,N646RW,KCLT,,KORD,1:52,,1:52,1:52,,,,,1,1,,,,,,1:52,,
2017-10-13,E170,N722YX,KEWR,,KCMH,1:57,,1:57,1:57,,,,,,,1,1,,,1:57,1:57,,
2017-10-13,E170,N656RW,KORD,,KMEM,1:40,,1:40,1:40,,,,,1,1,,,,,,1:40,,
2017-10-13,E170,N656RW,KMEM,,KEWR,2:30,,2:30,2:30,,,,,1,1,,,,,,2:30,,
2017-10-14,E170,N741YX,KEWR,,KCLT,1:41,,1:41,1:41,,,,,,,1,1,,,1:41,1:41,,
2017-10-14,E170,N646RW,KCMH,,KEWR,1:33,,1:33,1:33,,,,,1,1,,,,,,1:33,,
2017-10-15,E170,N656RW,KCLT,,KEWR,1:49,,1:49,1:49,,,,,1,1,,,,,,1:49,,
2017-10-15,E170,N653RW,KEWR,,KIND,2:13,,2:13,2:13,,,,,,,1,1,,,2:13,2:13,,
2017-10-16,E170,N741YX,KORD,,CYYZ,2:37,,2:37,2:37,,,,,1,1,,,,,,,,
2017-10-16,E170,N741YX,CYYZ,,KORD,0:38,,0:38,0:38,,,,,1,1,,,,,,,,
2017-10-16,E170,N657RW,KIND,,KORD,0:57,,0:57,0:57,,,,,1,1,,,,,,0:57,,
2017-10-17,E170,N732YX,KORD,,KCMH,1:08,,1:08,1:08,,,,,1,1,,,,,,1:08,,
2017-10-17,E170,N732YX,KCMH,,KORD,1:12,,1:12,1:12,,,,,1,,,1,,,0:59,1:12,,
2017-10-19,E170,N728YX,KORD,,CYYZ,1:37,,1:37,1:37,,,,,1,1,,,,,,1:37,,
2017-10-19,E170,N748YX,CYYZ,,KORD,1:44,,1:44,1:44,,,,,1,1,,,,,,1:44,,
2017-10-20,E170,N882RW,KLGA,,KORD,2:30,,2:30,2:30,,,,,1,1,,,,,,2:30,,
2017-10-20,E170,N210JQ,KORD,,KLGA,2:08,,2:08,2:08,,,,,1,1,,,,,,2:08,,
2017-10-22,E170,N209JQ,KORD,,KLGA,2:05,,2:05,2:05,,,,,1,1,,,,,,2:05,,
2017-10-22,E170,N214JQ,KLGA,,KCMH,1:44,,1:44,1:44,,,,,,,1,1,,,1:44,1:44,,
2017-11-01,E170,N745YX,KORD,,KCLT,2:23,,2:23,2:23,,,,,1,1,,,,,,2:23,,
2017-11-01,E170,N644RW,KCLT,,KIAH,2:48,,2:48,2:48,,,,,1,,,1,,,2:27,2:48,,
2017-11-01,E170,N644RW,KIAH,,KHRL,1:10,,1:10,1:10,,,,,,,1,1,,,1:09,1:10,,
2017-11-02,E170,N646RW,KHRL,,KIAH,1:19,,1:19,1:19,,,,,1,1,,,,,,1:19,,
2017-11-02,E170,N646RW,KIAH,,KBHM,1:42,,1:42,1:42,,,,,1,1,,,,,,1:42,,
2017-11-02,E170,N646RW,KBHM,,KIAH,1:57,,1:57,1:57,,,,,1,1,,,,,,1:57,,
2017-11-02,E170,N646RW,KIAH,,KSDF,2:04,,2:04,2:04,,,,,,,1,1,,,2:04,2:04,,
2017-11-03,E170,N730YX,KSDF,,KEWR,1:57,,1:57,1:57,,,,,,,1,1,,,1:57,1:57,,
2017-11-03,E170,N730YX,KEWR,,KDTW,2:16,,2:16,2:16,,,,,,,1,1,,,2:16,2:16,,
2017-11-04,E170,N722YX,KDTW,,KEWR,1:38,,1:38,1:38,,,,,1,,,1,,,0:42,1:38,,
2017-11-04,E170,N722YX,KEWR,,KORD,2:20,,2:20,2:20,,,,,,,1,1,,,2:20,2:20,,
2017-11-06,E170,N749YX,KORD,,KBNA,1:33,,1:33,1:33,,,,,1,1,,,,,,1:33,,
2017-11-06,E170,N749YX,KBNA,,KORD,1:58,,1:58,1:58,,,,,,,1,1,,,1:58,1:58,,
2017-11-06,E170,N749YX,KORD,,CYYZ,1:21,,1:21,1:21,,,,,,,1,1,,,1:21,1:21,,
2017-11-07,E170,N751YX,CYYZ,,KORD,1:48,,1:48,1:48,,,,,,,1,1,,,1:48,1:48,,
2017-11-07,E170,N751YX,KORD,,KBTV,1:56,,1:56,1:56,,,,,,,1,1,,,1:56,1:56,,
2017-11-08,E170,N744YX,KBTV,,KORD,2:28,,2:28,2:28,,,,,1,,,1,,,1:52,2:28,,
2017-11-08,E170,N744YX,KORD,,CYYZ,1:30,,1:30,1:30,,,,,,,1,1,,,1:30,1:30,,
2017-11-09,E170,N732YX,KORD,,KIND,1:55,,1:55,1:55,,,,,1,1,,,,,,1:55,,
2017-11-09,E170,N732YX,KIND,,KORD,1:00,,1:00,1:00,,,,,1,1,,,,,,1:00,,
2017-11-09,E170,N732YX,KORD,,KPIT,1:27,,1:27,1:27,,,,,,,1,1,,,1:27,1:27,,
2017-11-09,E170,N748YX,CYYZ,,KORD,1:56,,1:56,1:56,,,,,1,1,,,,,,1:56,,
2017-11-10,E170,N721YX,KPIT,,KEWR,1:31,,1:31,1:31,,,,,1,1,,,,,,1:31,,
2017-11-10,E170,N743YX,KEWR,,KCLT,1:50,,1:50,1:50,,,,,1,1,,,,,,1:50,,
2017-11-10,E170,N743YX,KCLT,,KORD,2:28,,2:28,2:28,,,,,1,1,,,,,,2:28,,
2017-11-15,E170,N642RW,KORD,,CYOW,1:51,,1:51,1:51,,,,,1,1,,,,,,1:51,,
2017-11-15,E170,N642RW,CYOW,,KEWR,1:25,,1:25,1:25,,,,,,,1,1,,,1:25,1:25,,
2017-11-15,E170,N855RW,KEWR,,KCVG,2:02,,2:02,2:02,,,,,,,1,1,,,2:02,2:02,,
2017-11-16,E170,N643RW,KCVG,,KEWR,2:09,,2:09,2:09,,,,,1,1,,,,,,2:09,,
2017-11-16,E170,N643RW,KEWR,,KOMA,3:17,,3:17,3:17,,,,,1,1,,,,,,3:17,,
2017-11-17,E170,N635RW,KOMA,,KIAH,2:28,,2:28,2:28,,,,,,1,1,,,,0:42,2:28,,
2017-11-17,E170,N635RW,KIAH,,KBRO,1:15,,1:15,1:15,,,,,1,1,,,,,,1:15,,
2017-11-18,E170,N640RW,KBRO,,KIAH,1:30,,1:30,1:30,,,,,,1,1,,,,0:52,1:30,,
2017-11-18,E170,N642RW,KIAH,,KMEM,1:34,,1:34,1:34,,,,,1,1,,,,,,1:34,,
2017-11-18,E170,N642RW,KMEM,,KORD,2:09,,2:09,2:09,,,,,1,1,,,,,,2:09,,
2017-11-24,E170,N721YX,KCMH,,KEWR,1:32,,1:32,1:32,,,,,,,1,1,,,1:32,1:32,,
2017-11-24,E170,N721YX,KEWR,,KORF,1:08,,1:08,1:08,,,,,,,1,1,,,1:08,1:08,,
2017-11-24,E170,N748YX,KORD,,KCMH,1:23,,1:23,1:23,,,,,1,1,,,,,,1:23,,
2017-11-25,E170,N631RW,KORF,,KORD,2:04,,2:04,2:04,,,,,1,,,1,,,0:54,2:04,,
2017-11-25,E170,N631RW,KORD,,KSDF,1:04,,1:04,1:04,,,,,,,1,1,,,1:04,1:04,,
2017-11-26,E170,N725YX,KIAH,,KORF,2:50,,2:50,2:50,,,,,1,1,,,,,,2:50,,
2017-11-26,E170,N725YX,KORF,,KORD,2:07,,2:07,2:07,,,,,1,,,1,,,0:48,2:07,,
2017-11-26,E170,N647RW,KSDF,,KIAH,2:17,,2:17,2:17,,,,,1,1,,,,,,2:17,,
2017-12-02,E170,N650RW,KORD,,KORF,1:58,,1:58,1:58,,,,,1,1,,,,,,1:58,,
2017-12-02,E170,N650RW,KORF,,KIAH,3:15,,3:15,3:15,,,,,,,1,1,,,3:15,3:15,,
2017-12-02,E170,N650RW,KIAH,,KBTR,0:57,,0:57,0:57,,,,,,,1,1,,,0:57,0:57,,
2017-12-03,E170,N641RW,KBTR,,KIAH,1:38,,1:38,1:38,,,,,,,1,1,,,1:38,1:38,,
2017-12-03,E170,N641RW,KIAH,,CYYZ,3:14,,3:14,3:14,,,,,,,1,1,,,3:14,3:14,,
2017-12-04,E170,N745YX,CYYZ,,KEWR,1:35,,1:35,1:35,,,,,,,1,1,,,1:35,1:35,,
2017-12-04,E170,N745YX,KEWR,,KCVG,2:00,,2:00,2:00,,,,,,,1,1,,,2:00,2:00,,
2017-12-05,E170,N746YX,KCVG,,KDTW,1:10,,1:10,1:10,,,,,1,1,,,,,,1:10,,
2017-12-05,E170,N746YX,KDTW,,KORD,1:12,,1:12,1:12,,,,,,,1,1,,,1:12,1:12,,
2017-12-10,E170,N726YX,KORD,,CYOW,1:48,,1:48,1:48,,,,,1,1,,,,,,1:48,,
2017-12-10,E170,N726YX,CYOW,,KEWR,2:00,,2:00,2:00,,,,,,,1,1,,,2:00,2:00,,
2017-12-10,E170,N726YX,KEWR,,KOKC,3:39,,3:39,3:39,,,,,,,1,1,,,3:39,3:39,,
2017-12-11,E170,N865RW,KOKC,,KIAH,1:29,,1:29,1:29,,,,,1,1,,,,,,1:29,,
2017-12-11,E170,N857RW,KIAH,,KCLT,2:06,,2:06,2:06,,,,,,,1,1,,,2:06,2:06,,
2017-12-12,E170,N637RW,KDCA,,KORD,1:12,,1:12,1:12,,,,,,,1,1,,,2:12,,,
2017-12-12,E170,N865RW,KCLT,,KIAH,3:09,,3:09,3:09,,,,,1,1,,,,,,3:09,,
2017-12-12,E170,N637RW,KIAH,,KDCA,3:43,,3:43,3:43,,,,,1,,,1,,,1:41,3:43,,
2017-12-17,E170,N649RW,KORD,,KORF,2:13,,2:13,2:13,,,,,1,1,,,,,,2:13,,
2017-12-17,E170,N649RW,KORF,,KIAH,3:29,,3:29,3:29,,,,,,,1,1,,,3:29,3:29,,
2017-12-17,E170,N862RW,KIAH,,KHRL,1:12,,1:12,1:12,,,,,,,1,1,,,1:11,1:12,,
2017-12-19,E170,N641RW,KIAH,,KMSP,2:22,,2:22,2:22,,,,,1,1,,,,,,2:22,,
2017-12-20,E170,N745YX,KMSP,,KORD,1:27,,1:27,1:27,,,,,,,1,1,,,1:27,1:27,,
2017-12-22,E170,N728YX,KORD,,KMSY,2:33,,2:33,2:33,,,,,1,1,,,,,,2:33,,
2017-12-22,E170,N728YX,KMSY,,KORD,2:28,,2:28,2:28,,,,,1,1,,,,,,2:28,,
2017-12-22,E170,N653RW,KORD,,KSDF,1:17,,1:17,1:17,,,,,,,1,1,,,1:17,1:17,,
2017-12-23,E170,N640RW,KSDF,,KIAH,2:52,,2:52,2:52,,,,,1,1,,,,,,2:52,,
2017-12-23,E170,N640RW,KIAH,,KMSP,2:41,,2:41,2:41,,,,,1,1,,,,,,2:41,,
2017-12-24,E170,N730YX,KMSP,,KORD,1:20,,1:20,1:20,,,,,,,1,1,,,1:20,1:20,,
2017-12-24,E170,N856RW,KORD,,KDTW,1:17,,1:17,1:17,,,,,1,1,,,,,,1:17,,
2017-12-24,E170,N856RW,KDTW,,KORD,1:24,,1:24,1:24,,,,,1,1,,,,,,1:24,,
2017-12-25,E170,N871RW,KORD,,KDTW,1:22,,1:22,1:22,,,,,1,1,,,,,,1:22,,
2017-12-25,E170,N871RW,KDTW,,KCHS,2:08,,2:08,2:08,,,,,1,1,,,,,,2:08,,
2017-12-26,E170,N208JQ,KCHS,,KLGA,1:48,,1:48,1:48,,,,,,1,1,,,,0:46,1:48,,
2017-12-26,E170,N206JQ,KLGA,,KCMH,1:50,,1:50,1:50,,,,,1,1,,,,,,1:50,,
2018-01-02,E170,N740YX,KORD,,KMSY,2:22,,2:22,2:22,,,,,1,1,,,,,,2:22,,
2018-01-02,E170,N740YX,KMSY,,KORD,2:38,,2:38,2:38,,,,,1,1,,,,,,2:38,,
2018-01-05,E170,N746YX,KORD,,KMSP,1:21,,1:21,1:21,,,,,1,1,,,,,,1:21,,
2018-01-05,E170,N746YX,KMSP,,KORD,1:27,,1:27,1:27,,,,,1,1,,,,,,1:27,,
2018-01-06,E170,N751YX,KORD,,KIAH,3:10,,3:10,3:10,,,,,,,1,1,,,3:10,3:10,,
2018-01-09,E170,N644RW,KLGA,,KCLE,1:50,,1:50,1:50,,,,,1,1,,,,,,1:50,,
2018-01-10,E170,N639RW,KCLE,,KLGA,1:49,,1:49,1:49,,,,,,1,1,,,,0:48,1:49,,
2018-01-10,E170,N639RW,KLGA,,KORD,2:48,,2:48,2:48,,,,,1,1,,,,,,2:48,,
2018-01-12,E170,N752YX,KORD,,KBDL,2:34,,2:34,2:34,,,,,1,,,1,,,0:08,2:34,,
2018-01-12,E170,N752YX,KBDL,,KEWR,0:58,,0:58,0:58,,,,,,,1,1,,,0:58,0:58,,
2018-01-12,E170,N752YX,KEWR,,CYHZ,1:56,,1:56,1:56,,,,,,,1,1,,,1:56,1:56,,
2018-01-13,E170,N743YX,CYHZ,,KEWR,3:11,,3:11,3:11,,,,,1,1,,,,,,3:11,,
2018-01-13,E170,N642RW,KEWR,,KSTL,2:30,,2:30,2:30,,,,,,,1,1,,,2:30,2:30,,
2018-01-14,E170,N857RW,KDEN,,KIND,2:16,,2:16,2:16,,,,,1,,,1,,,1:11,2:16,,
2018-01-15,E170,N741YX,KIND,,KORD,1:52,,1:52,1:52,,,,,1,1,,,,,,1:52,,
2018-01-15,E170,N654RW,KORD,,KEYW,3:19,,3:19,3:19,,,,,1,1,,,,,,3:19,,
2018-01-15,E170,N654RW,KEYW,,KORD,3:09,,3:09,3:09,,,,,1,,,1,,,1:14,3:09,,
2018-01-19,E170,N732YX,KORD,,KCLT,2:03,,2:03,2:03,,,,,1,1,,,,,,2:03,,
2018-01-19,E170,N732YX,KCLT,,KEWR,2:17,,2:17,2:17,,,,,,,1,1,,,2:17,2:17,,
2018-01-19,E170,N732YX,KEWR,,KMSP,3:09,,3:09,3:09,,,,,,,1,1,,,3:09,3:09,,
2018-01-20,E170,N739YX,KMSP,,KORD,1:36,,1:36,1:36,,,,,1,1,,,,,,1:36,,
2018-01-20,E170,N634RW,KORD,,KLGA,1:52,,1:52,1:52,,,,,1,,,1,,,0:57,1:52,,
2018-01-21,E170,N634RW,KLGA,,KORD,2:55,,2:55,2:55,,,,,1,1,,,,,,2:55,,
2018-01-21,E170,N632RW,KORD,,KPWM,2:25,,2:25,2:25,,,,,1,1,,,,,,2:25,,
2018-01-22,E170,N733YX,KPWM,,KEWR,1:29,,1:29,1:29,,,,,1,1,,,,,,1:29,,
2018-01-22,E170,N724YX,KEWR,,KDTW,1:53,,1:53,1:53,,,,,1,1,,,,,,1:53,,
2018-01-22,E170,N724YX,KDTW,,KORD,1:05,,1:05,1:05,,,,,1,1,,,,,,1:05,,
2018-02-06,E170,N880RW,KLGA,,KORD,2:32,,2:32,2:32,,,,,1,1,,,,,,2:32,,
2018-02-06,E170,N880RW,KORD,,KLGA,2:02,,2:02,2:02,,,,,1,,,1,,,0:27,2:02,,
2018-02-06,E170,N202JQ,KORD,,KLGA,2:34,,2:34,2:34,,,,,1,1,,,,,,2:34,,
2018-02-07,E170,N207JQ,KLGA,,KDCA,1:18,,1:18,1:18,,,,,1,1,,,,,,1:18,,
2018-02-07,E170,N207JQ,KDCA,,KLGA,1:30,,1:30,1:30,,,,,1,1,,,,,,1:30,,
2018-02-07,E170,N215JQ,KLGA,,KORD,3:51,,3:51,3:51,,,,,1,1,,,,,,3:51,,
2018-02-12,E170,N728YX,KDTW,,KEWR,1:47,,1:47,1:47,,,,,1,,,1,,,1:08,1:47,,
2018-02-12,E170,N728YX,KEWR,,KIND,2:27,,2:27,2:27,,,,,,,1,1,,,2:27,2:27,,
2018-02-13,E170,N109HQ,KCLT,,KMSY,2:15,,2:15,2:15,,,,,1,,,1,,,1:58,2:15,,
2018-02-14,E170,N446YX,KMSY,,KMIA,1:48,,1:48,1:48,,,,,1,,,1,,,1:14,1:48,,
2018-02-19,E170,N633RW,KORD,,KLGA,2:19,,2:19,2:19,,,,,1,,,1,,,0:07,2:19,,
2018-02-19,E170,N633RW,KLGA,,KORD,2:37,,2:37,2:37,,,,,,,1,1,,,2:37,2:37,,
2018-02-20,E170,N743YX,KORD,,KBNA,1:34,,1:34,1:34,,,,,1,1,,,,,,1:34,,
2018-02-20,E170,N743YX,KBNA,,KORD,1:29,,1:29,1:29,,,,,1,1,,,,,,1:29,,
2018-02-20,E170,N979RP,KORD,,KBUF,1:25,,1:25,1:25,,,,,,,1,1,,,1:24,1:25,,
2018-02-21,E170,N727YX,KBUF,,KORD,1:55,,1:55,1:55,,,,,1,1,,,,,,1:55,,
2018-02-23,E170,N746YX,KORD,,KPBI,3:12,,3:12,3:12,,,,,1,1,,,,,,3:12,,
2018-02-23,E170,N746YX,KPBI,,KORD,2:55,,2:55,2:55,,,,,1,1,,,,,,2:55,,
2018-02-27,E170,N858RW,KORD,,KSDF,1:11,,1:11,1:11,,,,,1,,,1,,,0:44,1:11,,
2018-02-28,E170,N858RW,KSDF,,KIAH,2:38,,2:38,2:38,,,,,1,1,,,,,,2:38,,
2018-02-28,E170,N858RW,KIAH,,KCVG,2:13,,2:13,2:13,,,,,1,1,,,,,,2:13,,
2018-02-28,E170,N858RW,KCVG,,KORD,1:22,,1:22,1:22,,,,,1,1,,,,,,1:22,,
2018-02-28,E170,N858RW,KORD,,KSDF,1:29,,1:29,1:29,,,,,1,,,1,,,1:07,1:29,,
2018-03-01,E170,N647RW,KSDF,,KIAH,2:49,,2:49,2:49,,,,,1,1,,,,,,2:49,,
2018-03-01,E170,N657RW,KIAH,,KATL,2:07,,2:07,2:07,,,,,1,1,,,,,,2:07,,
2018-03-01,E170,N637RW,KATL,,KORD,2:19,,2:19,2:19,,,,,1,,,1,,,1:05,2:19,,
2018-03-03,E170,N729YX,KORD,,KATL,1:46,,1:46,1:46,,,,,1,,,1,,,1:26,1:46,,
2018-03-04,E170,N722YX,KORD,,KATL,1:45,,1:45,1:45,,,,,1,,,1,,,1:19,1:45,,
2018-03-04,E170,N722YX,KATL,,KORD,1:56,,1:56,1:56,,,,,,,1,1,,,1:56,1:56,,
2018-03-04,E170,N643RW,KATL,,KORD,2:05,,2:05,2:05,,,,,1,1,,,,,,2:05,,
2018-03-06,E170,N731YX,KSYR,,KEWR,0:56,,0:56,0:56,,,,,,1,1,,,,0:06,0:56,,
2018-03-06,E170,N862RW,KEWR,,KDTW,1:50,,1:50,1:50,,,,,1,1,,,,,,1:50,,
2018-03-06,E170,N862RW,KDTW,,KIAH,3:23,,3:23,3:23,,,,,1,1,,,,,,3:23,,
2018-03-07,E170,N809RW,KIAH,,KATL,2:23,,2:23,2:23,,,,,1,1,,,,,,2:23,,
2018-03-07,E170,N809RW,KATL,,KIAH,2:23,,2:23,2:23,,,,,1,1,,,,,,2:23,,
2018-03-07,E170,N865RW,KIAH,,KIND,2:06,,2:06,2:06,,,,,1,,,1,,,1:31,2:06,,
2018-03-12,E170,N651RW,KBNA,,KIAH,2:12,,2:12,2:12,,,,,1,,,1,,,0:34,2:12,,
2018-03-12,E170,N633RW,KIAH,,KMAF,1:40,,1:40,1:40,,,,,,,1,1,,,1:40,1:40,,
2018-03-13,E170,N632RW,KMAF,,KIAH,1:30,,1:30,1:30,,,,,1,1,,,,,,1:30,,
2018-03-13,E170,N632RW,KIAH,,KLIT,1:33,,1:33,1:33,,,,,1,1,,,,,,1:33,,
2018-03-13,E170,N632RW,KLIT,,KDEN,2:42,,2:42,2:42,,,,,1,1,,,,,,2:42,,
2018-03-13,E170,N632RW,KDEN,,KMAF,1:36,,1:36,1:36,,,,,,,1,1,,,1:36,1:36,,
2018-03-14,E170,N862RW,KMAF,,KIAH,1:17,,1:17,1:17,,,,,1,1,,,,,,1:17,,
2018-03-14,E170,N862RW,KIAH,,KRDU,2:38,,2:38,2:38,,,,,1,,,1,,,2:29,2:38,,
2018-03-15,E170,N731YX,KRDU,,KEWR,2:07,,2:07,2:07,,,,,1,1,,,,,,2:07,,
2018-03-18,E170,N208JQ,KLGA,,KDFW,4:15,,4:15,4:15,,,,,,,1,1,,,4:15,4:15,,
2018-03-19,E170,N208JQ,KDFW,,KLGA,3:36,,3:36,3:36,,,,,1,1,,,,,,3:36,,
2018-03-20,E170,N136HQ,KLGA,,KDCA,1:38,,1:38,1:38,,,,,1,1,,,,,,1:38,,
2018-03-20,E170,N136HQ,KDCA,,KCMH,2:07,,2:07,2:07,,,,,1,,,1,,,0:35,2:07,,
2018-03-25,E170,N207JQ,KORD,,KLGA,2:13,,2:13,2:13,,,,,1,,,1,,,0:38,2:13,,
2018-03-26,E170,N874RW,KLGA,,KDFW,4:12,,4:12,4:12,,,,,1,1,,,,,,4:12,,
2018-03-26,E170,N874RW,KDFW,,KDTW,2:39,,2:39,2:39,,,,,1,1,,,,,,2:39,,
2018-03-27,E170,N810MD,KMSN,,KLGA,2:03,,2:03,2:03,,,,,,1,1,,,,0:09,2:03,,
2018-03-27,E170,N810MD,KLGA,,KORD,2:46,,2:46,2:46,,,,,1,1,,,,,,2:46,,
2018-04-03,E170,N722YX,KORD,,KDCA,1:54,,1:54,1:54,,,,,1,1,,,,,,1:54,,
2018-04-03,E170,N722YX,KDCA,,KEWR,1:28,,1:28,1:28,,,,,1,1,,,,,,1:28,,
2018-04-03,E170,N639RW,KEWR,,KJAX,2:18,,2:18,2:18,,,,,1,1,,,,,,2:18,,
2018-04-04,E170,N749YX,KJAX,,KEWR,2:27,,2:27,2:27,,,,,,1,1,,,,0:22,2:27,,
2018-04-04,E170,N749YX,KEWR,,KRDU,2:15,,2:15,2:15,,,,,1,1,,,,,,2:15,,
2018-04-04,E170,N749YX,KRDU,,KEWR,2:49,,2:49,2:49,,,,,1,1,,,,,,2:49,,
2018-04-05,E170,N655RW,KORD,,KBUF,1:41,,1:41,1:41,,,,,1,1,,,,,,1:41,,
2018-04-06,E170,N859RW,KBUF,,KORD,2:08,,2:08,2:08,,,,,,1,1,,,,0:32,2:08,,
2018-04-10,E170,N651RW,KMCI,,KIAH,1:53,,1:53,1:53,,,,,1,,,1,,,0:07,1:53,,
2018-04-10,E170,N651RW,KIAH,,KLFT,0:50,,0:50,0:50,,,,,,,1,1,,,0:50,0:50,,
2018-04-11,E170,N723YX,KIAH,,KXNA,1:26,,1:26,1:26,,,,,1,1,,,,,,1:26,,
2018-04-11,E170,N723YX,KXNA,,KEWR,2:49,,2:49,2:49,,,,,1,,,1,,,0:19,2:49,,
2018-04-11,E170,N723YX,KEWR,,KMKE,2:34,,2:34,2:34,,,,,,,1,1,,,2:34,2:34,,
2018-04-12,E170,N809RW,KMKE,,KIAH,2:35,,2:35,2:35,,,,,1,1,,,,,,2:35,,
2018-04-12,E170,N865RW,KIAH,,KCMH,2:19,,2:19,2:19,,,,,1,,,1,,,1:49,2:19,,
2018-04-13,E170,N731YX,KORD,,KDCA,1:37,,1:37,1:37,,,,,1,1,,,,,,1:37,,
2018-04-13,E170,N731YX,KDCA,,KORD,2:08,,2:08,2:08,,,,,,,1,1,,,2:08,2:08,,
2018-04-20,E170,N652RW,KORD,,KATL,1:46,,1:46,1:46,,,,,1,1,,,,,,1:46,,
2018-04-20,E170,N652RW,KATL,,KORD,2:00,,2:00,2:00,,,,,,,1,1,,,2:00,2:00,,
2018-04-22,E170,N863RW,KORD,,KDFW,2:23,,2:23,2:23,,,,,1,1,,,,,,2:23,,
2018-04-22,E170,N863RW,KDFW,,KORD,2:10,,2:10,2:10,,,,,1,1,,,,,,2:10,,
2018-04-22,E170,N633RW,KORD,,KIND,1:04,,1:04,1:04,,,,,1,1,,,,,,1:04,,
2018-04-23,E170,N649RW,KIND,,KIAH,2:32,,2:32,2:32,,,,,1,1,,,,,,2:32,,
2018-04-23,E170,N649RW,KIAH,,KDSM,2:21,,2:21,2:21,,,,,1,1,,,,,,2:21,,
2018-04-24,E170,N647RW,KDSM,,KORD,1:13,,1:13,1:13,,,,,,1,1,,,,0:15,1:13,,
2018-04-24,E170,N748YX,KORD,,KJAX,2:30,,2:30,2:30,,,,,1,1,,,,,,2:30,,
2018-04-24,E170,N748YX,KJAX,,KORD,2:37,,2:37,2:37,,,,,1,1,,,,,,2:37,,
2018-04-25,E170,N657RW,KORD,,KATL,1:52,,1:52,1:52,,,,,1,1,,,,,,1:52,,
2018-04-25,E170,N657RW,KATL,,KORD,1:49,,1:49,1:49,,,,,,,1,1,,,1:49,1:49,,
2018-04-27,E170,N864RW,KORD,,KATL,1:53,,1:53,1:53,,,,,1,1,,,,,,1:53,,
2018-04-27,E170,N864RW,KATL,,KORD,2:15,,2:15,2:15,,,,,,,1,1,,,2:15,2:15,,
2018-04-30,E170,N979RP,KORD,,KDCA,2:05,,2:05,2:05,,,,,1,1,,,,,,2:05,,
2018-04-30,E170,N979RP,KDCA,,KORD,1:48,,1:48,1:48,,,,,1,1,,,,,,1:48,,
2018-05-01,E170,N729YX,KORD,,KDCA,1:48,,1:48,1:48,,,,,1,,,1,,,1:33,1:48,,
2018-05-01,E170,N729YX,KDCA,,KORD,2:05,,2:05,2:05,,,,,,,1,1,,,2:05,2:05,,
2018-05-03,E170,N864RW,KEWR,,KSDF,2:19,,2:19,2:19,,,,,1,1,,,,,,2:19,,
2018-05-04,E170,N636RW,KSDF,,KIAH,2:26,,2:26,2:26,,,,,1,1,,,,,,2:26,,
2018-05-04,E170,N636RW,KIAH,,KDCA,3:16,,3:16,3:16,,,,,1,1,,,,,,3:16,,
2018-05-04,E170,N636RW,KDCA,,KORD,2:04,,2:04,2:04,,,,,1,1,,,,,,2:04,,
2018-05-07,E170,N726YX,KORD,,KDTW,1:15,,1:15,1:15,,,,,1,1,,,,,,1:15,,
2018-05-07,E170,N726YX,KDTW,,KEWR,1:54,,1:54,1:54,,,,,1,,,1,,,0:07,1:54,,
2018-05-07,E170,N726YX,KEWR,,KDTW,1:46,,1:46,1:46,,,,,,,1,1,,,1:46,1:46,,
2018-05-08,E170,N727YX,KEWR,,KCVG,1:41,,1:41,1:41,,,,,1,1,,,,,,1:41,,
2018-05-08,E170,N727YX,KCVG,,KORD,1:23,,1:23,1:23,,,,,1,1,,,,,,1:23,,
2018-05-08,E170,N640RW,KDTW,,KEWR,2:04,,2:04,2:04,,,,,1,1,,,,,,2:04,,
2018-05-09,E170,N650RW,KORD,,KATL,2:26,,2:26,2:26,,,,,1,,,1,,,0:22,2:26,,
2018-05-09,E170,N650RW,KATL,,KORD,2:50,,2:50,2:50,,,,,,,1,1,,,2:50,2:50,,
2018-05-13,E170,N728YX,KORD,,KCMH,1:22,,1:22,1:22,,,,,1,1,,,,,,1:22,,
2018-05-13,E170,N728YX,KCMH,,KORD,1:20,,1:20,1:20,,,,,1,1,,,,,,1:20,,
2018-05-13,E170,N725YX,KORD,,KICT,1:56,,1:56,1:56,,,,,1,1,,,,,,1:56,,
2018-05-14,E170,N723YX,KORD,,KLGA,2:05,,2:05,2:05,,,,,1,1,,,,,,2:05,,
2018-05-14,E170,N723YX,KLGA,,KORD,2:26,,2:26,2:26,,,,,1,,,1,,,0:14,,,
2018-05-14,E170,N649RW,KICT,,KORD,2:20,,2:20,2:20,,,,,1,1,,,,,,2:20,,
2018-05-16,E170,N724YX,KORD,,KLGA,2:23,,2:23,2:23,,,,,1,1,,,,,,2:23,,
2018-05-16,E170,N724YX,KLGA,,KORD,2:23,,2:23,2:23,,,,,,,1,1,,,2:23,2:23,,
2018-05-17,E170,N745YX,KORD,,KMSP,1:21,,1:21,1:21,,,,,1,1,,,,,,1:21,,
2018-05-17,E170,N745YX,KMSP,,KORD,2:02,,2:02,2:02,,,,,1,1,,,,,,2:02,,
2018-05-23,E170,N751YX,KORD,,KOKC,2:03,,2:03,2:03,,,,,1,1,,,,,,2:03,,
2018-05-23,E170,N751YX,KOKC,,KORD,2:21,,2:21,2:21,,,,,1,1,,,,,,2:21,,
2018-05-23,E170,N728YX,KORD,,KDTW,1:09,,1:09,1:09,,,,,1,1,,,,,,1:09,,
2018-05-24,E170,N649RW,KDTW,,KEWR,2:24,,2:24,2:24,,,,,1,1,,,,,,2:24,,
2018-05-24,E170,N859RW,KEWR,,KROC,1:18,,1:18,1:18,,,,,1,1,,,,,,1:18,,
2018-05-24,E170,N859RW,KROC,,KEWR,1:43,,1:43,1:43,,,,,1,1,,,,,,1:43,,
2018-05-24,E170,N639RW,KEWR,,KSYR,1:06,,1:06,1:06,,,,,,,1,1,,,1:05,1:06,,
2018-05-25,E170,N733YX,KSYR,,KORD,1:49,,1:49,1:49,,,,,1,1,,,,,,1:49,,
2018-05-25,E170,N733YX,KORD,,KLGA,2:22,,2:22,2:22,,,,,1,1,,,,,,2:22,,
2018-05-25,E170,N733YX,KLGA,,KORD,2:14,,2:14,2:14,,,,,,,1,1,,,2:14,2:14,,
2018-05-27,E170,N657RW,KORD,,CYOW,1:50,,1:50,1:50,,,,,1,1,,,,,,1:50,,
2018-05-27,E170,N657RW,CYOW,,KEWR,2:00,,2:00,2:00,,,,,1,1,,,,,,2:00,,
2018-05-27,E170,N640RW,KEWR,,KSYR,1:12,,1:12,1:12,,,,,,,1,1,,,1:11,1:12,,
2018-05-28,E170,N732YX,KSYR,,KDTW,1:29,,1:29,1:29,,,,,1,1,,,,,,1:29,,
2018-05-28,E170,N732YX,KDTW,,KORD,1:13,,1:13,1:13,,,,,1,1,,,,,,1:13,,
2018-05-28,E170,N728YX,KORD,,KDCA,1:51,,1:51,1:51,,,,,1,,,1,,,0:36,1:51,,
2018-05-28,E170,N728YX,KDCA,,KORD,1:57,,1:57,1:57,,,,,,,1,1,,,1:57,1:57,,
2018-06-01,E170,N750YX,KMLI,,KORD,0:55,,0:55,0:55,,,,,1,1,,,,,,0:55,,
2018-06-06,E170,N741YX,KORD,,KJAX,2:19,,2:19,2:19,,,,,1,1,,,,,,2:19,,
2018-06-06,E170,N741YX,KJAX,,KORD,2:22,,2:22,2:22,,,,,1,1,,,,,,2:22,,
2018-06-10,E170,N650RW,KORD,,KMEM,2:10,,2:10,2:10,,,,,1,1,,,,,,2:10,,
2018-06-10,E170,N650RW,KMEM,,KORD,3:02,,3:02,3:02,,,,,1,,,1,,,1:25,3:02,,
2018-06-10,E170,N650RW,KORD,,KMSP,1:40,,1:40,1:40,,,,,,,1,1,,,1:40,1:40,,
2018-06-11,E170,N640RW,KMSP,,KORD,1:39,,1:39,1:39,,,,,1,1,,,,,,1:39,,
2018-06-11,E170,N632RW,KORD,,KCLT,2:29,,2:29,2:29,,,,,1,1,,,,,,2:29,,
2018-06-11,E170,N632RW,KCLT,,KIAH,2:35,,2:35,2:35,,,,,1,1,,,,,,2:35,,
2018-06-11,E170,N632RW,KIAH,,KLFT,0:54,,0:54,0:54,,,,,,,1,1,,,0:54,0:54,,
2018-06-12,E170,N642RW,KIAH,,KXNA,1:51,,1:51,1:51,,,,,1,1,,,,,,1:51,,
2018-06-12,E170,N642RW,KXNA,,KEWR,3:04,,3:04,3:04,,,,,1,1,,,,,,3:04,,
2018-06-12,E170,N650RW,KEWR,,KSDF,2:09,,2:09,2:09,,,,,,,1,1,,,2:09,2:09,,
2018-06-13,E170,N635RW,KORD,,KBUF,1:41,,1:41,1:41,,,,,1,1,,,,,,1:41,,
2018-06-13,E170,N635RW,KBUF,,KORD,1:59,,1:59,1:59,,,,,1,1,,,,,,1:59,,
2018-06-17,E170,N723YX,KELP,,KDEN,1:52,,1:52,1:52,,,,,1,1,,,,,,1:52,,
2018-06-17,E170,N723YX,KDEN,,KICT,1:48,,1:48,1:48,,,,,1,1,,,,,,1:48,,
2018-06-17,E170,N637RW,KORD,,KELP,3:06,,3:06,3:06,,,,,1,1,,,,,,3:06,,
2018-06-18,E170,N723YX,KICT,,KDEN,1:44,,1:44,1:44,,,,,1,1,,,,,,1:44,,
2018-06-18,E170,N723YX,KDEN,,KMKE,2:23,,2:23,2:23,,,,,1,1,,,,,,2:23,,
2018-06-18,E170,N723YX,KMKE,,KDEN,2:51,,2:51,2:51,,,,,1,1,,,,,,2:51,,
2018-06-19,E170,N723YX,KDRO,,KDEN,1:22,,1:22,1:22,,,,,1,1,,,,,,1:22,,
2018-06-19,E170,N723YX,KDEN,,KGRR,2:35,,2:35,2:35,,,,,1,1,,,,,,2:35,,
2018-06-20,E170,N725YX,KGRR,,KEWR,1:44,,1:44,1:44,,,,,1,1,,,,,,1:44,,
2018-06-20,E170,N648RW,KEWR,,KMSP,3:00,,3:00,3:00,,,,,1,1,,,,,,3:00,,
2018-06-21,E170,N979RP,KMSP,,KEWR,2:33,,2:33,2:33,,,,,1,1,,,,,,2:33,,
2018-06-21,E170,N856RW,KEWR,,CYYZ,1:36,,1:36,1:36,,,,,1,1,,,,,,1:36,,
2018-06-21,E170,N856RW,CYYZ,,KORD,2:15,,2:15,2:15,,,,,1,1,,,,,,2:15,,
2018-06-25,E170,N721YX,KORD,,KELP,3:02,,3:02,3:02,,,,,1,1,,,,,,3:02,,
2018-06-25,E170,N746YX,KELP,,KDEN,1:47,,1:47,1:47,,,,,1,1,,,,,,1:47,,
2018-06-25,E170,N746YX,KDEN,,KICT,1:24,,1:24,1:24,,,,,1,1,,,,,,1:24,,
2018-06-26,E170,N746YX,KICT,,KDEN,1:32,,1:32,1:32,,,,,1,1,,,,,,1:32,,
2018-06-26,E170,N746YX,KDEN,,KMKE,2:43,,2:43,2:43,,,,,1,1,,,,,,2:43,,
2018-06-26,E170,N746YX,KMKE,,KDEN,2:24,,2:24,2:24,,,,,1,1,,,,,,2:24,,
2018-06-27,E170,N740YX,KDRO,,KDEN,1:12,,1:12,1:12,,,,,1,1,,,,,,1:12,,
2018-06-27,E170,N740YX,KDEN,,KGRR,2:21,,2:21,2:21,,,,,1,1,,,,,,2:21,,
2018-06-28,E170,N656RW,KGRR,,KEWR,1:42,,1:42,1:42,,,,,1,1,,,,,,1:42,,
2018-06-28,E170,N656RW,KEWR,,KDTW,2:22,,2:22,2:22,,,,,1,1,,,,,,2:22,,
2018-06-28,E170,N656RW,KDTW,,KORD,1:14,,1:14,1:14,,,,,1,1,,,,,,1:14,,
2018-07-08,E170,N648RW,KORD,,KCLT,1:59,,1:59,1:59,,,,,1,1,,,,,,1:59,,
2018-07-08,E170,N648RW,KCLT,,KIAH,2:43,,2:43,2:43,,,,,1,1,,,,,,2:43,,
2018-07-09,E170,N726YX,KIAH,,KRDU,2:52,,2:52,2:52,,,,,1,1,,,,,,2:52,,
2018-07-09,E170,N726YX,KRDU,,KEWR,1:28,,1:28,1:28,,,,,1,1,,,,,,1:28,,
2018-07-09,E170,N646RW,KEWR,,KIND,2:02,,2:02,2:02,,,,,1,1,,,,,,2:02,,
2018-07-10,E170,N729YX,KIND,,KORD,1:14,,1:14,1:14,,,,,1,1,,,,,,1:14,,
2018-07-10,E170,N729YX,KORD,,KLGA,2:01,,2:01,2:01,,,,,1,1,,,,,,2:01,,
2018-07-10,E170,N729YX,KLGA,,KORD,2:17,,2:17,2:17,,,,,1,1,,,,,,2:17,,
2018-07-11,E170,N750YX,KCLT,,KDEN,3:13,,3:13,3:13,,,,,1,1,,,,,,3:13,,
2018-07-11,E170,N750YX,KDEN,,KDRO,1:06,,1:06,1:06,,,,,1,1,,,,,,1:06,,
2018-07-11,E170,N640RW,KORD,,KCLT,1:57,,1:57,1:57,,,,,1,1,,,,,,1:57,,
2018-07-12,E170,N979RP,KDRO,,KDEN,1:30,,1:30,1:30,,,,,1,1,,,,,,1:30,,
2018-07-12,E170,N979RP,KDEN,,KSLC,1:39,,1:39,1:39,,,,,1,1,,,,,,1:39,,
2018-07-12,E170,N979RP,KSLC,,KDEN,1:30,,1:30,1:30,,,,,1,1,,,,,,1:30,,
2018-07-12,E170,N979RP,KDEN,,KXNA,1:51,,1:51,1:51,,,,,1,,,1,,,1:13,1:51,,
2018-07-13,E170,N864RW,KXNA,,KIAH,1:41,,1:41,1:41,,,,,1,1,,,,,,1:41,,
2018-07-13,E170,N635RW,KIAH,,KIND,2:19,,2:19,2:19,,,,,1,1,,,,,,2:19,,
2018-07-13,E170,N635RW,KIND,,KORD,1:21,,1:21,1:21,,,,,1,1,,,,,,1:21,,
2018-07-19,E170,N741YX,KEWR,,KBUF,1:48,,1:48,1:48,,,,,,,1,1,,,1:48,1:48,,
2018-07-19,E170,N656RW,KORD,,KDTW,1:45,,1:45,1:45,,,,,1,1,,,,,,1:45,,
2018-07-19,E170,N656RW,KDTW,,KEWR,1:57,,1:57,1:57,,,,,1,1,,,,,,1:57,,
2018-07-20,E170,N726YX,KEWR,,KDCA,1:18,,1:18,1:18,,,,,1,1,,,,,,1:18,,
2018-07-20,E170,N726YX,KDCA,,KORD,1:57,,1:57,1:57,,,,,1,,,1,,,1:41,1:57,,
2018-07-20,E170,N647RW,KBUF,,KEWR,1:07,,1:07,1:07,,,,,1,1,,,,,,1:07,,
2018-07-23,E170,N746YX,KORD,,KBUF,1:47,,1:47,1:47,,,,,1,1,,,,,,1:47,,
2018-07-23,E170,N746YX,KBUF,,KORD,1:39,,1:39,1:39,,,,,1,1,,,,,,1:39,,
2018-07-24,E170,N749YX,KORD,,KELP,3:14,,3:14,3:14,,,,,1,1,,,,,,3:14,,
2018-07-24,E170,N731YX,KELP,,KDEN,2:02,,2:02,2:02,,,,,1,1,,,,,,2:02,,
2018-07-24,E170,N732YX,KDEN,,KICT,1:18,,1:18,1:18,,,,,1,1,,,,,,1:18,,
2018-07-25,E170,N732YX,KICT,,KDEN,1:29,,1:29,1:29,,,,,1,1,,,,,,1:29,,
2018-07-25,E170,N732YX,KDEN,,KCLT,3:14,,3:14,3:14,,,,,1,1,,,,,,3:14,,
2018-07-26,E170,N747YX,KCLT,,KEWR,1:51,,1:51,1:51,,,,,1,1,,,,,,1:51,,
2018-07-26,E170,N855RW,KEWR,,CYYZ,1:36,,1:36,1:36,,,,,1,1,,,,,,1:36,,
2018-07-26,E170,N855RW,CYYZ,,KORD,2:02,,2:02,2:02,,,,,1,1,,,,,,2:02,,
2018-07-29,E170,N750YX,KELP,,KDEN,1:40,,1:40,1:40,,,,,1,1,,,,,,1:40,,
2018-07-29,E170,N750YX,KDEN,,KICT,1:21,,1:21,1:21,,,,,1,1,,,,,,1:21,,
2018-07-29,E170,N864RW,KORD,,KELP,2:56,,2:56,2:56,,,,,1,1,,,,,,2:56,,
2018-07-30,E170,N750YX,KICT,,KDEN,1:26,,1:26,1:26,,,,,1,1,,,,,,1:26,,
2018-07-30,E170,N750YX,KDEN,,KCLT,3:09,,3:09,3:09,,,,,1,1,,,,,,3:09,,
2018-07-31,E170,N749YX,KCLT,,KEWR,1:40,,1:40,1:40,,,,,1,1,,,,,,1:40,,
2018-07-31,E170,N733YX,KEWR,,KCLT,1:56,,1:56,1:56,,,,,1,1,,,,,,1:56,,
2018-07-31,E170,N733YX,KCLT,,KORD,2:23,,2:23,2:23,,,,,1,1,,,,,,2:23,,
2018-08-02,E170,N721YX,KIAH,,KRDU,2:41,,2:41,2:41,,,,,1,1,,,,,,2:41,,
2018-08-03,E170,N856RW,KRDU,,KEWR,1:40,,1:40,1:40,,,,,1,1,,,,,,1:40,,
2018-08-03,E170,N856RW,KEWR,,KXNA,3:09,,3:09,3:09,,,,,1,1,,,,,,3:09,,
2018-08-04,E170,N726YX,KXNA,,KORD,1:47,,1:47,1:47,,,,,1,1,,,,,,1:47,,
2018-08-04,E170,N726YX,KORD,,KDCA,1:58,,1:58,1:58,,,,,1,1,,,,,,1:58,,
2018-08-04,E170,N726YX,KDCA,,KORD,1:45,,1:45,1:45,,,,,1,1,,,,,,1:45,,
2018-08-14,E170,N858RW,KORD,,KMEM,1:41,,1:41,1:41,,,,,1,1,,,,,,1:41,,
2018-08-14,E170,N858RW,KMEM,,KORD,1:49,,1:49,1:49,,,,,1,1,,,,,,1:49,,
2018-08-14,E170,N650RW,KORD,,KDTW,1:08,,1:08,1:08,,,,,,,1,1,,,1:07,1:08,,
2018-08-15,E170,N731YX,KDTW,,KEWR,1:49,,1:49,1:49,,,,,1,1,,,,,,1:49,,
2018-08-15,E170,N731YX,KEWR,,KRDU,1:25,,1:25,1:25,,,,,1,1,,,,,,1:25,,
2018-08-15,E170,N731YX,KRDU,,KORD,2:25,,2:25,2:25,,,,,1,1,,,,,,2:25,,
2018-08-19,E170,N722YX,KORD,,KRDU,1:49,,1:49,1:49,,,,,1,1,,,,,,1:49,,
2018-08-19,E170,N722YX,KRDU,,KIAH,2:43,,2:43,2:43,,,,,1,1,,,,,,2:43,,
2018-08-19,E170,N722YX,KIAH,,KMAF,1:39,,1:39,1:39,,,,,1,,,1,,,0:36,1:39,,
2018-08-20,E170,N650RW,KMAF,,KIAH,1:30,,1:30,1:30,,,,,1,1,,,,,,1:30,,
2018-08-20,E170,N649RW,KIAH,,KXNA,1:24,,1:24,1:24,,,,,1,1,,,,,,1:24,,
2018-08-20,E170,N649RW,KXNA,,KEWR,2:45,,2:45,2:45,,,,,1,,,1,,,0:35,2:45,,
2018-08-20,E170,N649RW,KEWR,,KBWI,1:11,,1:11,1:11,,,,,,,1,1,,,1:10,1:11,,
2018-08-21,E170,N739YX,KEWR,,KMSP,2:53,,2:53,2:53,,,,,1,1,,,,,,2:53,,
2018-08-21,E170,N739YX,KMSP,,KORD,1:32,,1:32,1:32,,,,,1,1,,,,,,1:32,,
2018-09-03,E170,N739YX,KORD,,KRDU,2:01,,2:01,2:01,,,,,1,1,,,,,,2:01,,
2018-09-03,E170,N739YX,KRDU,,KIAH,2:57,,2:57,2:57,,,,,1,1,,,,,,2:57,,
2018-09-03,E170,N739YX,KIAH,,KMAF,1:20,,1:20,1:20,,,,,1,,,1,,,0:40,1:20,,
2018-09-04,E170,N641RW,KMAF,,KIAH,1:27,,1:27,1:27,,,,,1,1,,,,,,1:27,,
2018-09-04,E170,N641RW,KIAH,,KIND,2:17,,2:17,2:17,,,,,1,1,,,,,,2:17,,
2018-09-05,E170,N631RW,KIND,,KEWR,1:54,,1:54,1:54,,,,,1,1,,,,,,1:54,,
2018-09-05,E170,N748YX,KEWR,,KCLT,1:45,,1:45,1:45,,,,,1,1,,,,,,1:45,,
2018-09-05,E170,N748YX,KCLT,,KORD,1:57,,1:57,1:57,,,,,1,1,,,,,,1:57,,
2018-09-09,E170,N741YX,KORD,,KDTW,1:21,,1:21,1:21,,,,,1,1,,,,,,1:21,,
2018-09-09,E170,N741YX,KDTW,,KEWR,1:36,,1:36,1:36,,,,,1,1,,,,,,1:36,,
2018-09-09,E170,N861RW,KEWR,,KCVG,1:57,,1:57,1:57,,,,,1,1,,,,,,1:57,,
2018-09-10,E170,N648RW,KCVG,,KEWR,1:49,,1:49,1:49,,,,,,1,1,,,,0:40,1:49,,
2018-09-10,E170,N648RW,KEWR,,KDCA,1:18,,1:18,1:18,,,,,1,1,,,,,,1:18,,
2018-09-10,E170,N648RW,KDCA,,KIAH,3:06,,3:06,3:06,,,,,1,1,,,,,,3:06,,
2018-09-11,E170,N750YX,KHRL,,KIAH,1:14,,1:14,1:14,,,,,,1,1,,,,1:08,1:14,,
2018-09-11,E170,N865RW,KIAH,,KCVG,3:09,,3:09,3:09,,,,,1,1,,,,,,3:09,,
2018-09-11,E170,N865RW,KCVG,,KORD,1:07,,1:07,1:07,,,,,1,1,,,,,,1:07,,
2018-09-16,E170,N865RW,KDTW,,KIAH,2:38,,2:38,2:38,,,,,1,1,,,,,,2:38,,
2018-09-16,E170,N652RW,KIAH,,KDSM,2:10,,2:10,2:10,,,,,1,1,,,,,,2:10,,
2018-09-17,E170,N648RW,KDSM,,KEWR,2:29,,2:29,2:29,,,,,1,1,,,,,,2:29,,
2018-09-17,E170,N648RW,KEWR,,CYYZ,1:28,,1:28,1:28,,,,,1,1,,,,,,1:28,,
2018-09-18,E170,N647RW,CYYZ,,KEWR,1:34,,1:34,1:34,,,,,1,1,,,,,,1:34,,
2018-09-18,E170,N743YX,KEWR,,KCLT,2:01,,2:01,2:01,,,,,1,1,,,,,,2:01,,
2018-09-18,E170,N743YX,KCLT,,KORD,2:13,,2:13,2:13,,,,,1,1,,,,,,2:13,,
2018-09-21,E170,N721YX,KORD,,KMCI,1:37,,1:37,1:37,,,,,1,1,,,,,,1:37,,
2018-09-21,E170,N721YX,KMCI,,KORD,1:32,,1:32,1:32,,,,,1,1,,,,,,1:32,,
2018-09-23,E170,N731YX,KIAH,,KIND,2:26,,2:26,2:26,,,,,1,1,,,,,,2:26,,
2018-09-23,E170,N861RW,KDTW,,KIAH,3:23,,3:23,3:23,,,,,1,1,,,,,,3:23,,
2018-09-24,E170,N651RW,KIND,,KIAH,2:33,,2:33,2:33,,,,,1,1,,,,,,2:33,,
2018-09-24,E170,N651RW,KIAH,,KRDU,2:34,,2:34,2:34,,,,,1,1,,,,,,2:34,,
2018-09-25,E170,N747YX,KEWR,,KCLT,2:14,,2:14,2:14,,,,,1,1,,,,,,2:14,,
2018-09-25,E170,N655RW,KRDU,,KEWR,1:42,,1:42,1:42,,,,,1,1,,,,,,1:42,,
2018-09-25,E170,N748YX,KCLT,,KORD,1:59,,1:59,1:59,,,,,1,1,,,,,,1:59,,
2018-09-30,E170,N865RW,KORD,,KMSP,1:48,,1:48,1:48,,,,,1,1,,,,,,1:48,,
2018-09-30,E170,N865RW,KMSP,,KEWR,2:39,,2:39,2:39,,,,,1,1,,,,,,2:39,,
2018-09-30,E170,N857RW,KEWR,,KSDF,2:02,,2:02,2:02,,,,,,,1,1,,,2:02,2:02,,
2018-10-01,E170,N856RW,KSDF,,KEWR,2:27,,2:27,2:27,,,,,1,,,1,,,1:34,2:27,,
2018-10-01,E170,N856RW,KEWR,,KSDF,1:56,,1:56,1:56,,,,,,,1,1,,,1:56,1:56,,
2018-10-02,E170,N740YX,KSDF,,KIAH,2:06,,2:06,2:06,,,,,1,1,,,,,,2:06,,
2018-10-12,E170,N736YX,KORD,,KGRR,0:55,,0:55,0:55,,,,,1,1,,,,,,0:55,,
2018-10-12,E170,N736YX,KGRR,,KORD,0:52,,0:52,0:52,,,,,1,1,,,,,,0:52,,
2018-10-14,E170,N632RW,KORD,,KATL,1:51,,1:51,1:51,,,,,1,1,,,,,,1:51,,
2018-10-14,E170,N632RW,KATL,,KIAH,2:15,,2:15,2:15,,,,,1,1,,,,,,2:15,,
2018-10-14,E170,N632RW,KIAH,,KGRR,2:28,,2:28,2:28,,,,,,,1,1,,,2:28,2:28,,
2018-10-15,E170,N749YX,KGRR,,KEWR,2:07,,2:07,2:07,,,,,1,1,,,,,,2:07,,
2018-10-15,E170,N644RW,KEWR,,KSDF,2:35,,2:35,2:35,,,,,,,1,1,,,2:35,2:35,,
2018-10-16,E170,N631RW,KSDF,,KIAH,2:41,,2:41,2:41,,,,,1,1,,,,,,2:41,,
2018-10-16,E170,N631RW,KIAH,,KCVG,2:31,,2:31,2:31,,,,,1,1,,,,,,2:31,,
2018-10-16,E170,N649RW,KCVG,,KORD,1:26,,1:26,1:26,,,,,1,,,1,,,0:04,1:26,,
2018-10-21,E170,N857RW,KORD,,KCLT,1:48,,1:48,1:48,,,,,1,1,,,,,,1:48,,
2018-10-21,E170,N857RW,KCLT,,KIAH,2:45,,2:45,2:45,,,,,1,1,,,,,,2:45,,
2018-10-21,E170,N650RW,KIAH,,KMAF,1:25,,1:25,1:25,,,,,,,1,1,,,1:24,1:25,,
2018-10-22,E170,N861RW,KMAF,,KIAH,1:22,,1:22,1:22,,,,,1,1,,,,,,1:22,,
2018-10-22,E170,N861RW,KIAH,,KCMH,2:20,,2:20,2:20,,,,,1,1,,,,,,2:20,,
2018-10-23,E170,N641RW,KCMH,,KORD,1:16,,1:16,1:16,,,,,,,1,1,,,1:16,1:16,,
2018-10-23,E170,N631RW,KORD,,KATL,1:57,,1:57,1:57,,,,,1,1,,,,,,1:57,,
2018-10-23,E170,N631RW,KATL,,KORD,1:59,,1:59,1:59,,,,,1,1,,,,,,1:59,,
2018-10-28,E170,N750YX,KORD,,KCHS,2:16,,2:16,2:16,,,,,1,1,,,,,,2:16,,
2018-10-28,E170,N750YX,KCHS,,KEWR,2:03,,2:03,2:03,,,,,1,1,,,,,,2:03,,
2018-10-28,E170,N750YX,KEWR,,CYUL,1:17,,1:17,1:17,,,,,,,1,1,,,1:17,1:17,,
2018-10-29,E170,N732YX,KEWR,,KDTW,1:41,,1:41,1:41,,,,,1,1,,,,,,1:41,,
2018-10-29,E170,N732YX,KDTW,,KEWR,1:43,,1:43,1:43,,,,,1,,,1,,,0:32,1:43,,
2018-10-29,E170,N732YX,KEWR,,KBUF,1:19,,1:19,1:19,,,,,,,1,1,,,1:19,1:19,,
2018-10-30,E170,N637RW,KBUF,,KEWR,1:06,,1:06,1:06,,,,,1,1,,,,,,1:06,,
2018-10-30,E170,N637RW,KEWR,,KCHS,2:08,,2:08,2:08,,,,,1,1,,,,,,2:08,,
2018-10-30,E170,N637RW,KCHS,,KORD,2:15,,2:15,2:15,,,,,1,,,1,,,0:03,2:15,,
2018-11-01,E170,N743YX,KORD,,KBNA,1:41,,1:41,1:41,,,,,1,1,,,,,,1:41,,
2018-11-01,E170,N743YX,KBNA,,KEWR,2:04,,2:04,2:04,,,,,1,1,,,,,,2:04,,
2018-11-02,E170,N647RW,KEWR,,KOMA,3:05,,3:05,3:05,,,,,,1,1,,,,1:55,3:05,,
2018-11-02,E170,N647RW,KOMA,,KORD,1:39,,1:39,1:39,,,,,1,1,,,,,,1:39,,
2018-11-08,E170,N646RW,KORD,,KCVG,1:10,,1:10,1:10,,,,,,1,1,,,,0:04,1:10,,
2018-11-08,E170,N646RW,KCVG,,KIAH,2:32,,2:32,2:32,,,,,1,1,,,,,,2:32,,
2018-11-09,E170,N729YX,KICT,,KIAH,2:06,,2:06,2:06,,,,,1,1,,,,,,2:06,,
2018-11-09,E170,N752YX,KIAH,,KMEM,1:44,,1:44,1:44,,,,,1,1,,,,,,1:44,,
2018-11-09,E170,N752YX,KMEM,,KIAH,1:47,,1:47,1:47,,,,,1,1,,,,,,1:47,,
2018-11-09,E170,N752YX,KIAH,,KOKC,1:27,,1:27,1:27,,,,,1,,,1,,,0:10,1:27,,
2018-11-10,E170,N858RW,KOKC,,KEWR,3:18,,3:18,3:18,,,,,,1,1,,,,0:10,3:18,,
2018-11-10,E170,N648RW,KEWR,,KPIT,1:41,,1:41,1:41,,,,,1,1,,,,,,1:41,,
2018-11-10,E170,N648RW,KPIT,,KORD,1:31,,1:31,1:31,,,,,1,1,,,,,,1:31,,
2018-11-12,E170,N855RW,KORD,,KPBI,3:14,,3:14,3:14,,,,,1,1,,,,,,3:14,,
2018-11-12,E170,N855RW,KPBI,,KORD,2:55,,2:55,2:55,,,,,1,1,,,,,,2:55,,
2018-11-12,E170,N865RW,KORD,,KIND,0:57,,0:57,0:57,,,,,,,1,1,,,0:57,0:57,,
2018-11-13,E170,N865RW,KIND,,KDEN,3:01,,3:01,3:01,,,,,1,1,,,,,,3:01,,
2018-11-13,E170,N865RW,KDEN,,KGJT,0:52,,0:52,0:52,,,,,1,1,,,,,,0:52,,
2018-11-14,E170,N736YX,KGJT,,KDEN,1:09,,1:09,1:09,,,,,,1,1,,,,0:21,1:09,,
2018-11-14,E170,N736YX,KDEN,,KATL,2:58,,2:58,2:58,,,,,1,1,,,,,,2:58,,
2018-11-14,E170,N732YX,KATL,,KORD,2:24,,2:24,2:24,,,,,1,,,1,,,0:04,2:24,,
2018-11-18,E170,N726YX,KORD,,KABQ,2:47,,2:47,2:47,,,,,,,1,1,,,2:47,2:47,,
2018-11-19,E170,N723YX,KDEN,,KDRO,1:04,,1:04,1:04,,,,,1,1,,,,,,1:04,,
2018-11-19,E170,N723YX,KDRO,,KDEN,1:05,,1:05,1:05,,,,,1,1,,,,,,1:05,,
2018-11-19,E170,N723YX,KDEN,,KCLT,3:05,,3:05,3:05,,,,,,,1,1,,,3:05,3:05,,
2018-11-20,E170,N726YX,KCLT,,KEWR,1:36,,1:36,1:36,,,,,1,1,,,,,,1:36,,
2018-11-20,E170,N632RW,KEWR,,KCVG,1:58,,1:58,1:58,,,,,1,1,,,,,,1:58,,
2018-11-20,E170,N632RW,KCVG,,KEWR,1:54,,1:54,1:54,,,,,,,1,1,,,1:54,1:54,,
2018-11-21,E170,N638RW,KEWR,,KEYW,3:35,,3:35,3:35,,,,,1,1,,,,,,3:35,,
2018-11-21,E170,N638RW,KEYW,,KEWR,3:17,,3:17,3:17,,,,,1,,,1,,,0:11,3:17,,
2018-11-22,E170,N643RW,KEWR,,KOMA,3:09,,3:09,3:09,,,,,1,1,,,,,,3:09,,
2018-11-22,E170,N643RW,KOMA,,KORD,1:24,,1:24,1:24,,,,,1,1,,,,,,1:24,,
2018-11-25,E170,N743YX,KORD,,KCMH,2:44,,2:44,2:44,,,,,,,1,1,,,2:44,2:44,,
2018-11-26,E170,N650RW,KCMH,,KIAH,2:57,,2:57,2:57,,,,,1,1,,,,,,2:57,,
2018-11-26,E170,N650RW,KIAH,,KLFT,0:56,,0:56,0:56,,,,,1,1,,,,,,0:56,,
2018-11-27,E170,N651RW,KLFT,,KIAH,1:02,,1:02,1:02,,,,,,1,1,,,,0:50,1:02,,
2018-11-27,E170,N979RP,KIAH,,KCVG,2:50,,2:50,2:50,,,,,1,1,,,,,,2:50,,
2018-11-27,E170,N979RP,KCVG,,KORD,1:40,,1:40,1:40,,,,,1,1,,,,,,1:40,,
2018-12-03,E170,N653RW,KMSY,,KEWR,2:46,,2:46,2:46,,,,,1,,,1,,,1:43,2:46,,
2018-12-03,E170,N653RW,KEWR,,KPIT,1:26,,1:26,1:26,,,,,,,1,1,,,1:26,1:26,,
2018-12-04,E170,N653RW,KPIT,,KEWR,1:25,,1:25,1:25,,,,,1,1,,,,,,1:25,,
2018-12-04,E170,N650RW,KEWR,,KDTW,1:47,,1:47,1:47,,,,,1,1,,,,,,1:47,,
2018-12-05,E170,N861RW,KDTW,,KEWR,1:53,,1:53,1:53,,,,,,1,1,,,,0:59,1:53,,
2018-12-05,E170,N861RW,KEWR,,KMSP,2:50,,2:50,2:50,,,,,1,1,,,,,,2:50,,
2018-12-05,E170,N861RW,KMSP,,KORD,1:33,,1:33,1:33,,,,,1,1,,,,,,1:33,,
2018-12-12,E170,N739YX,KORD,,KCVG,1:16,,1:16,1:16,,,,,1,,,1,,,0:21,1:16,,
2018-12-12,E170,N739YX,KCVG,,KIAH,2:46,,2:46,2:46,,,,,,,1,1,,,2:46,2:46,,
2018-12-12,E170,N739YX,KIAH,,KDFW,1:07,,1:07,1:07,,,,,,,1,1,,,1:07,1:07,,
2018-12-13,E170,N640RW,KDFW,,KDEN,1:57,,1:57,1:57,,,,,1,1,,,,,,1:57,,
2018-12-13,E170,N636RW,KDEN,,KDRO,0:57,,0:57,0:57,,,,,1,1,,,,,,0:57,,
2018-12-13,E170,N636RW,KDRO,,KDEN,1:13,,1:13,1:13,,,,,1,1,,,,,,1:13,,
2018-12-13,E170,N636RW,KDEN,,KDRO,1:04,,1:04,1:04,,,,,,,1,1,,,1:04,1:04,,
2018-12-14,E170,N636RW,KDRO,,KDEN,1:29,,1:29,1:29,,,,,1,1,,,,,,1:29,,
2018-12-14,E170,N636RW,KDEN,,KSDF,3:00,,3:00,3:00,,,,,1,1,,,,,,3:00,,
2018-12-14,E170,N857RW,KSDF,,KORD,1:24,,1:24,1:24,,,,,1,1,,,,,,1:24,,
2018-12-21,E170,N646RW,KORD,,KFSD,1:31,,1:31,1:31,,,,,1,,,1,,,0:05,1:31,,
2018-12-21,E170,N646RW,KFSD,,KORD,1:44,,1:44,1:44,,,,,,,1,1,,,1:44,1:44,,
2018-12-24,E170,N639RW,KORD,,KEYW,2:57,,2:57,2:57,,,,,1,1,,,,,,2:57,,
2018-12-24,E170,N639RW,KEYW,,KORD,3:14,,3:14,3:14,,,,,1,1,,,,,,3:14,,
2018-12-25,E170,N728YX,KORD,,KMSP,1:25,,1:25,1:25,,,,,1,1,,,,,,1:25,,
2018-12-25,E170,N728YX,KMSP,,KEWR,2:41,,2:41,2:41,,,,,1,1,,,,,,2:41,,
2018-12-25,E170,N641RW,KEWR,,KSDF,2:22,,2:22,2:22,,,,,,,1,1,,,2:22,2:22,,
2018-12-26,E170,N641RW,KSDF,,KIAH,2:55,,2:55,2:55,,,,,1,1,,,,,,2:55,,
2018-12-26,E170,N641RW,KIAH,,KJAX,2:03,,2:03,2:03,,,,,1,1,,,,,,2:03,,
2018-12-27,E170,N725YX,KJAX,,KORD,2:41,,2:41,2:41,,,,,1,1,,,,,,2:41,,
2019-01-08,E170,N742YX,KORD,,KAUS,2:59,,2:59,2:59,,,,,1,1,,,,,,2:59,,
2019-01-08,E170,N742YX,KAUS,,KDEN,2:14,,2:14,2:14,,,,,1,1,,,,,,2:14,,
2019-01-08,E170,N742YX,KDEN,,KTUL,1:31,,1:31,1:31,,,,,1,1,,,,,,1:31,,
2019-01-08,E170,N856RW,KMKE,,KORD,0:51,,0:51,0:51,,,,,,,,,,,,,,
2019-01-09,E170,N859RW,KTUL,,KORD,2:07,,2:07,2:07,,,,,,1,1,,,,0:56,2:07,,
2019-01-09,E170,N859RW,KORD,,KDCA,1:53,,1:53,1:53,,,,,1,1,,,,,,1:53,,
2019-01-09,E170,N859RW,KDCA,,KORD,2:18,,2:18,2:18,,,,,1,1,,,,,,2:18,,
2019-01-10,E170,N647RW,KORD,,KATL,1:52,,1:52,1:52,,,,,,1,1,,,,0:43,1:52,,
2019-01-10,E170,N647RW,KATL,,KEWR,2:30,,2:30,2:30,,,,,1,1,,,,,,2:30,,
2019-01-10,E170,N653RW,KEWR,,KCLT,1:42,,1:42,1:42,,,,,1,1,,,,,,1:42,,
2019-01-11,E170,N641RW,KCLT,,KEWR,1:54,,1:54,1:54,,,,,,1,1,,,,1:00,1:54,,
2019-01-11,E170,N641RW,KEWR,,KMSP,3:28,,3:28,3:28,,,,,1,1,,,,,,3:28,,
2019-01-11,E170,N641RW,KMSP,,KORD,1:32,,1:32,1:32,,,,,1,1,,,,,,1:32,,
2019-01-14,E170,N723YX,KORD,,KAUS,2:41,,2:41,2:41,,,,,1,1,,,,,,2:41,,
2019-01-14,E170,N723YX,KAUS,,KDEN,2:12,,2:12,2:12,,,,,1,1,,,,,,2:12,,
2019-01-14,E170,N723YX,KDEN,,KTUL,1:24,,1:24,1:24,,,,,1,1,,,,,,1:24,,
2019-01-15,E170,N856RW,KTUL,,KORD,2:04,,2:04,2:04,,,,,,1,1,,,,0:54,2:04,,
2019-01-15,E170,N856RW,KORD,,KDCA,1:43,,1:43,1:43,,,,,1,1,,,,,,1:43,,
2019-01-15,E170,N856RW,KDCA,,KORD,2:03,,2:03,2:03,,,,,1,1,,,,,,2:03,,
2019-01-17,E170,N744YX,KORD,,KAUS,3:01,,3:01,3:01,,,,,1,1,,,,,,3:01,,
2019-01-17,E170,N744YX,KAUS,,KDEN,2:14,,2:14,2:14,,,,,1,1,,,,,,2:14,,
2019-01-17,E170,N744YX,KDEN,,KTUL,1:25,,1:25,1:25,,,,,1,1,,,,,,1:25,,
2019-01-18,E170,N651RW,KTUL,,KORD,1:46,,1:46,1:46,,,,,,1,1,,,,0:52,1:46,,
2019-01-18,E170,N651RW,KORD,,KDCA,1:43,,1:43,1:43,,,,,1,1,,,,,,1:43,,
2019-01-18,E170,N651RW,KDCA,,KORD,2:45,,2:45,2:45,,,,,1,1,,,,,,2:45,,
2019-01-24,E170,N725YX,KDCA,,KORD,2:30,,2:30,2:30,,,,,1,1,,,,,,2:30,,
2019-01-24,E170,N725YX,KORD,,KDCA,2:15,,2:15,2:15,,,,,1,1,,,,,,2:15,,
2019-01-31,E170,N856RW,KORD,,KATL,2:04,,2:04,2:04,,,,,,,,,,,,2:04,,
2019-02-01,E170,N722YX,KATL,,KIAH,2:30,,2:30,2:30,,,,,,,,,,,,2:30,,
2019-02-01,E170,N722YX,KIAH,,KCLT,2:27,,2:27,2:27,,,,,,,,,,,,2:27,,
2019-02-01,E170,N865RW,KCLT,,KORD,2:14,,2:14,2:14,,,,,,,,,,,,2:14,,
2019-02-04,E170,N744YX,KORD,,KAUS,3:02,,3:02,3:02,,,,,,,,,,,,3:02,,
2019-02-04,E170,N744YX,KAUS,,KDEN,2:24,,2:24,2:24,,,,,,,,,,,,2:24,,
2019-02-04,E170,N744YX,KDEN,,KTUL,1:40,,1:40,1:40,,,,,,,,,,,,1:40,,
2019-02-05,E170,N726YX,KTUL,,KORD,2:05,,2:05,2:05,,,,,,,,,,,,2:05,,
2019-02-05,E170,N857RW,KORD,,KDCA,1:57,,1:57,1:57,,,,,,,,,,,,1:57,,
2019-02-05,E170,N651RW,KDCA,,KORD,2:17,,2:17,2:17,,,,,,,,,,,,2:17,,
2019-02-07,E170,N733YX,KORD,,KDCA,1:47,,1:47,1:47,,,,,,,,,,,,1:47,,
2019-02-07,E170,N733YX,KDCA,,KORD,2:09,,2:09,2:09,,,,,,,,,,,,2:09,,
2019-02-07,E170,N638RW,KORD,,KORF,2:09,,2:09,2:09,,,,,,,,,,,,2:09,,
2019-02-08,E170,N745YX,KORF,,KORD,2:28,,2:28,2:28,,,,,,,,,,,,2:28,,
2019-02-08,E170,N745YX,KORD,,KDCA,1:57,,1:57,1:57,,,,,,,,,,,,1:57,,
2019-02-08,E170,N745YX,KDCA,,KORD,2:17,,2:17,2:17,,,,,,,,,,,,2:17,,
2019-02-11,E170,N747YX,KORD,,KAUS,3:02,,3:02,3:02,,,,,,,,,,,,3:02,,
2019-02-11,E170,N747YX,KAUS,,KDEN,2:24,,2:24,2:24,,,,,,,,,,,,2:24,,
2019-02-11,E170,N747YX,KDEN,,KTUL,1:40,,1:40,1:40,,,,,,,,,,,,1:40,,
2019-02-12,E170,N638RW,KTUL,,KORD,2:05,,2:05,2:05,,,,,,,,,,,,2:05,,
2019-02-12,E170,N637RW,KORD,,KDCA,1:57,,1:57,1:57,,,,,,,,,,,,1:57,,
2019-02-12,E170,N637RW,KDCA,,KORD,2:17,,2:17,2:17,,,,,,,,,,,,2:17,,
2019-02-13,E170,N739YX,KORD,,KAUS,3:02,,3:02,3:02,,,,,,,,,,,,3:02,,
2019-02-13,E170,N739YX,KAUS,,KIAH,1:02,,1:02,1:02,,,,,,,,,,,,1:02,,
2019-02-13,E170,N649RW,KIAH,,KCMH,2:37,,2:37,2:37,,,,,,,,,,,,2:37,,
2019-02-14,E170,N752YX,KCMH,,KORD,1:38,,1:38,1:38,,,,,,,,,,,,1:38,,
2019-02-14,E170,N752YX,KORD,,KRDU,1:59,,1:59,1:59,,,,,,,,,,,,1:59,,
2019-02-14,E170,N752YX,KRDU,,KORD,2:18,,2:18,2:18,,,,,,,,,,,,2:18,,
2019-03-04,E170,N979RP,KORD,,KCLT,2:09,,2:09,2:09,,,,,,,,,,,,,,
2019-03-04,E170,N979RP,KCLT,,KORD,2:02,,2:02,2:02,,,,,,,,,,,,,,
2019-03-05,E170,N649RW,KTUL,,KIAH,1:17,,1:17,1:17,,,,,,,,,,,,,,
2019-03-05,E170,N649RW,KIAH,,KMSP,3:04,,3:04,3:04,,,,,,,,,,,,,,
2019-03-06,E170,N648RW,KORD,,KLGA,2:00,,2:00,2:00,,,,,,,,,,,,,,
2019-03-06,E170,N648RW,KLGA,,KORD,2:20,,2:20,2:20,,,,,,,,,,,,,,
2019-03-07,E170,N654RW,KORD,,KDCA,1:54,,1:54,1:54,,,,,,,,,,,,,,
2019-03-07,E170,N654RW,KDCA,,KORD,2:20,,2:20,2:20,,,,,,,,,,,,,,
2019-03-08,E170,N856RW,KORD,,KMKE,0:29,,0:29,0:29,,,,,,,,,,,,,,
2019-03-12,E170,N742YX,KORD,,KMSP,1:29,,1:29,1:29,,,,,,,,,,,,,,
2019-03-12,E170,N742YX,KMSP,,KEWR,2:47,,2:47,2:47,,,,,,,,,,,,,,
2019-03-12,E170,N736YX,KEWR,,KGRR,2:06,,2:06,2:06,,,,,,,,,,,,,,
2019-03-14,E170,N632RW,KORD,,CYUL,2:43,,2:43,2:43,,,,,,,,,,,,,,
2019-03-14,E170,N632RW,CYUL,,KORD,1:46,,1:46,1:46,,,,,,,,,,,,,,
2019-03-15,E170,N724YX,KEWR,,KCLT,1:56,,1:56,1:56,,,,,,,,,,,,,,
2019-03-15,E170,N646RW,KCLT,,KORD,1:50,,1:50,1:50,,,,,,,,,,,,,,
2019-03-17,E170,N653RW,KORD,,KMSP,1:31,,1:31,1:31,,,,,,,,,,,,,,
2019-03-17,E170,N653RW,KMSP,,KORD,1:52,,1:52,1:52,,,,,,,,,,,,,,
2019-03-18,E170,N655RW,KORD,,KDCA,1:52,,1:52,1:52,,,,,,,,,,,,,,
2019-03-18,E170,N655RW,KDCA,,KORD,2:01,,2:01,2:01,,,,,,,,,,,,,,
2019-03-19,E170,N656RW,KORD,,KDCA,1:38,,1:38,1:38,,,,,,,,,,,,,,
2019-03-19,E170,N656RW,KDCA,,KORD,2:15,,2:15,2:15,,,,,,,,,,,,,,
2019-03-20,E170,N733YX,KORD,,KDCA,1:46,,1:46,1:46,,,,,,,,,,,,,,
2019-03-20,E170,N643RW,KDCA,,KORD,2:03,,2:03,2:03,,,,,,,,,,,,,,
2019-03-20,E170,N643RW,KORD,,KMSP,1:18,,1:18,1:18,,,,,,,,,,,,,,
2019-03-20,E170,N643RW,KMSP,,KORD,1:33,,1:33,1:33,,,,,,,,,,,,,,
2019-03-27,E170,N657RW,KORD,,KDTW,1:12,,1:12,1:12,,,,,,,,,,,,,,
2019-03-27,E170,N657RW,KDTW,,KEWR,2:02,,2:02,2:02,,,,,,,,,,,,,,
2019-03-28,E170,N649RW,KEWR,,KEYW,3:31,,3:31,3:31,,,,,,,,,,,,,,
2019-03-28,E170,N649RW,KEYW,,KEWR,3:09,,3:09,3:09,,,,,,,,,,,,,,
2019-03-28,E170,N653RW,KEWR,,KCMH,2:05,,2:05,2:05,,,,,,,,,,,,,,
2019-03-29,E170,N653RW,KCMH,,KEWR,1:34,,1:34,1:34,,,,,,,,,,,,,,
2019-04-01,E170,N724YX,KORD,,KDCA,2:00,,2:00,2:00,,,,,,,,,,,,,,
2019-04-01,E170,N724YX,KDCA,,KORD,2:05,,2:05,2:05,,,,,,,,,,,,,,
2019-04-04,E170,N642RW,KORD,,KMSP,1:51,,1:51,1:51,,,,,,,,,,,,,,
2019-04-04,E170,N642RW,KORD,,KCLT,1:58,,1:58,1:58,,,,,,,,,,,,,,
2019-04-05,E170,N640RW,KCLT,,KORD,2:24,,2:24,2:24,,,,,,,,,,,,,,
2019-04-05,E170,N750YX,KORD,,CYYZ,1:35,,1:35,1:35,,,,,,,,,,,,,,
2019-04-05,E170,N750YX,CYYZ,,KORD,1:46,,1:46,1:46,,,,,,,,,,,,,,
2019-04-08,E170,N856RW,KORD,,KSYR,1:31,,1:31,1:31,,,,,,,,,,,,,,
2019-04-08,E170,N856RW,KSYR,,KORD,2:13,,2:13,2:13,,,,,,,,,,,,,,
2019-04-08,E170,N649RW,KORD,,KBNA,2:39,,2:39,2:39,,,,,,,,,,,,2:39,,
2019-04-09,E170,N863RW,KBNA,,KORD,1:48,,1:48,1:48,,,,,,,,,,,,,,
2019-04-10,E170,N648RW,KORD,,KSLC,3:41,,3:41,3:41,,,,,,,,,,,,,,
2019-04-10,E170,N648RW,KSLC,,KIAH,2:55,,2:55,2:55,,,,,,,,,,,,,,
2019-04-11,E170,N856RW,KEWR,,KSDF,2:00,,2:00,2:00,,,,,,,,,,,,,,
2019-04-12,E170,N638RW,KSDF,,KIAH,2:54,,2:54,2:54,,,,,,,,,,,,,,
2019-04-12,E170,N727YX,KIAH,,KATL,1:43,,1:43,1:43,,,,,,,,,,,,,,
2019-04-12,E170,N727YX,KATL,,KORD,1:56,,1:56,1:56,,,,,,,,,,,,,,
2019-04-18,E170,N864RW,KORD,,KSYR,1:39,,1:39,1:39,,,,,,,,,,,,,,
2019-04-18,E170,N864RW,KSYR,,KORD,2:02,,2:02,2:02,,,,,,,,,,,,,,
2019-04-18,E170,N863RW,KORD,,KBNA,1:24,,1:24,1:24,,,,,,,,,,,,,,
2019-04-19,E170,N644RW,KBNA,,KORD,1:44,,1:44,1:44,,,,,,,,,,,,,,
2019-04-23,E170,N855RW,KORD,,KDFW,2:32,,2:32,2:32,,,,,,,,,,,,,,
2019-04-23,E170,N855RW,KDFW,,KORD,2:06,,2:06,2:06,,,,,,,,,,,,2:26,,
2019-04-24,E170,N646RW,KORD,,KEYW,3:03,,3:03,3:03,,,,,,,,,,,,3:14,,
2019-04-24,E170,N646RW,KEYW,,KORD,3:27,,3:27,3:27,,,,,,,,,,,,3:35,,
2019-04-30,E170,N858RW,KORD,,KROC,1:42,,1:42,1:42,,,,,,,,,,,,1:42,,
2019-04-30,E170,N858RW,KROC,,KEWR,1:32,,1:32,1:32,,,,,,,,,,,,1:32,,
2019-04-30,E170,N858RW,KEWR,,KMKE,2:29,,2:29,2:29,,,,,,,,,,,,2:29,,
2019-05-01,E170,N641RW,KMKE,,KEWR,2:14,,2:14,2:14,,,,,,,,,,,,2:18,,
2019-05-01,E170,N648RW,KEWR,,KRIC,1:30,,1:30,1:30,,,,,,,,,,,,1:30,,
2019-05-01,E170,N648RW,KRIC,,KORD,2:22,,2:22,2:22,,,,,,,,,,,,2:22,,
2019-05-08,E170,N652RW,KORD,,KDTW,1:24,,1:24,1:24,,,,,,,,,,,,1:24,,
2019-05-08,E170,N652RW,KDTW,,KEWR,1:53,,1:53,1:53,,,,,,,,,,,,1:53,,
2019-05-08,E170,N652RW,KEWR,,KDTW,1:59,,1:59,1:59,,,,,,,,,,,,1:59,,
2019-05-09,E170,N861RW,KDTW,,KEWR,2:00,,2:00,2:00,,,,,,,,,,,,2:00,,
2019-05-09,E170,N657RW,KEWR,,KCVG,2:09,,2:09,2:09,,,,,,,,,,,,2:09,,
2019-05-09,E170,N657RW,KCVG,,KORD,1:37,,1:37,1:37,,,,,,,,,,,,1:37,,
2019-05-14,E170,N637RW,KORD,,KDTW,1:24,,1:24,1:24,,,,,,,,,,,,1:24,,
2019-05-14,E170,N637RW,KDTW,,KORD,1:14,,1:14,1:14,,,,,,,,,,,,1:36,,
2019-05-14,E170,N747YX,KORD,,CYOW,2:07,,2:07,2:07,,,,,,,,,,,,2:07,,
2019-05-15,E170,N634RW,CYOW,,KEWR,1:33,,1:33,1:33,,,,,,,,,,,,1:33,,
2019-05-15,E170,N748YX,KEWR,,KMCI,3:14,,3:14,3:14,,,,,,,,,,,,3:14,,
2019-05-15,E170,N748YX,KMCI,,KORD,1:41,,1:41,1:41,,,,,,,,,,,,1:41,,
2019-05-16,E170,N723YX,KORD,,KCVG,1:18,,1:18,1:18,,,,,,,,,,,,1:18,,
2019-05-16,E170,N723YX,KCVG,,KIAH,2:48,,2:48,2:48,,,,,,,,,,,,2:48,,
2019-05-21,E170,N723YX,KORD,,KCVG,1:18,,1:18,1:18,,,,,,,,,,,,1:18,,
2019-05-21,E170,N723YX,KCVG,,KIAH,2:48,,2:48,2:48,,,,,,,,,,,,2:48,,
2019-05-21,E170,N647RW,KIAH,,KSDF,2:19,,2:19,2:19,,,,,,,,,,,,2:19,,
2019-05-22,E170,N644RW,KSDF,,KIAH,2:39,,2:39,2:39,,,,,,,,,,,,2:39,,
2019-05-22,E170,N644RW,KIAH,,KSDF,2:16,,2:16,2:16,,,,,,,,,,,,2:16,,
2019-05-23,E170,N657RW,KSDF,,KIAH,2:39,,2:39,2:39,,,,,,,,,,,,2:39,,
2019-05-23,E170,N656RW,KIAH,,KMSP,2:52,,2:52,2:52,,,,,,,,,,,,2:52,,
2019-05-23,E170,N656RW,KMSP,,KORD,1:31,,1:31,1:31,,,,,,,,,,,,1:31,,
2019-05-27,E170,N723YX,KORD,,KCVG,1:18,,1:18,1:18,,,,,,,,,,,,1:18,,
2019-05-27,E170,N723YX,KCVG,,KIAH,2:28,,2:28,2:28,,,,,,,,,,,,2:48,,
2019-05-27,E170,N650RW,KIAH,,KSDF,2:19,,2:19,2:19,,,,,,,,,,,,2:19,,
2019-05-28,E170,N650RW,KSDF,,KIAH,2:39,,2:39,2:39,,,,,,,,,,,,2:39,,
2019-05-28,E170,N633RW,KIAH,,KSDF,2:19,,2:19,2:19,,,,,,,,,,,,2:19,,
2019-05-29,E170,N641RW,KSDF,,KIAH,2:39,,2:39,2:39,,,,,,,,,,,,2:39,,
2019-05-29,E170,N727YX,KIAH,,KMSP,2:38,,2:38,2:38,,,,,,,,,,,,2:52,,
2019-05-29,E170,N727YX,KMSP,,KORD,1:31,,1:31,1:31,,,,,,,,,,,,1:31,,
2019-05-31,E170,N746YX,KORD,,CYYZ,1:47,,1:47,1:47,,,,,,,,,,,,1:47,,
2019-05-31,E170,N746YX,CYYZ,,KORD,1:57,,1:57,1:57,,,,,,,,,,,,1:57,,
2019-06-03,E170,N749YX,KORD,,KMSP,1:36,,1:36,1:36,,,,,1,1,,,,,,1:36,,
2019-06-03,E170,N746YX,KMSP,,KORD,1:20,,1:20,1:20,,,,,1,1,,,,,,1:20,,
2019-06-04,E170,N744YX,KORD,,KLGA,2:33,,2:33,2:33,,,,,1,,,1,,,0:06,2:33,,
2019-06-04,E170,N744YX,KLGA,,KORD,2:27,,2:27,2:27,,,,,,,1,1,,,2:27,2:27,,
2019-06-06,E170,N856RW,KORD,,KDCA,1:47,,1:47,1:47,,,,,1,1,,,,,,1:47,,
2019-06-06,E170,N856RW,KDCA,,KORD,2:18,,2:18,2:18,,,,,1,1,,,,,,2:18,,
2019-06-06,E170,N726YX,KORD,,KMSP,1:28,,1:28,1:28,,,,,1,1,,,,,,1:28,,
2019-06-07,E170,N726YX,KMSP,,KIAH,2:45,,2:45,2:45,,,,,1,1,,,,,,2:45,,
2019-06-07,E170,N859RW,KIAH,,KBHM,1:54,,1:54,1:54,,,,,1,1,,,,,,1:54,,
2019-06-10,E170,N856RW,KORD,,KMCI,1:44,,1:44,1:44,,,,,1,1,,,,,,1:44,,
2019-06-10,E170,N632RW,KMCI,,KSDF,1:27,,1:27,1:27,,,,,1,1,,,,,,1:27,,
2019-06-13,E170,N650RW,KORD,,KSRQ,2:48,,2:48,2:48,,,,,1,1,,,,,,2:48,,
2019-06-13,E170,N650RW,KSRQ,,KORD,2:58,,2:58,2:58,,,,,1,1,,,,,,2:58,,
2019-06-13,E170,N636RW,KORD,,KGRR,0:56,,0:56,0:56,,,,,1,1,,,,,,0:56,,
2019-06-14,E170,N640RW,KGRR,,KEWR,1:38,,1:38,1:38,,,,,1,1,,,,,,1:38,,
2019-06-17,E170,N640RW,KORD,,KBNA,1:35,,1:35,1:35,,,,,1,1,,,,,,1:35,,
2019-06-17,E170,N640RW,KBNA,,KORD,2:23,,2:23,2:23,,,,,1,1,,,,,,2:23,,
2019-06-18,E170,N744YX,KORD,,KMSP,1:52,,1:52,1:52,,,,,1,1,,,,,,1:52,,
2019-06-19,E170,N726YX,KMSP,,KIAH,2:59,,2:59,2:59,,,,,1,1,,,,,,2:59,,
2019-06-19,E170,N726YX,KIAH,,KCLE,2:38,,2:38,2:38,,,,,1,1,,,,,,2:38,,
2019-06-19,E170,N726YX,KCLE,,KORD,1:23,,1:23,1:23,,,,,1,1,,,,,,1:23,,
2019-06-20,E170,N724YX,KORD,,KIAH,2:33,,2:33,2:33,,,,,1,1,,,,,,2:33,,
2019-06-21,E170,N746YX,KIAH,,KMSP,2:48,,2:48,2:48,,,,,1,1,,,,,,2:48,,
2019-06-21,E170,N979RP,KMSP,,KORD,1:22,,1:22,1:22,,,,,1,1,,,,,,1:22,,
2019-06-24,E170,N751YX,KORD,,KLGA,2:08,,2:08,2:08,,,,,1,1,,,,,,2:08,,
2019-06-24,E170,N751YX,KLGA,,KORD,2:18,,2:18,2:18,,,,,1,1,,,,,,2:18,,
2019-06-25,E170,N636RW,KSTL,,KIAH,2:19,,2:19,2:19,,,,,1,1,,,,,,2:19,,
2019-06-25,E170,N636RW,KIAH,,KMSP,2:33,,2:33,2:33,,,,,1,1,,,,,,2:33,,
2019-06-25,E170,N636RW,KMSP,,KORD,1:45,,1:45,1:45,,,,,1,1,,,,,,1:45,,
2019-06-27,E170,N404YX,KMSP,,KDCA,3:10,,3:10,3:10,,,,,1,1,,,,,,3:10,,
2019-07-03,E170,N733YX,KORD,,KATL,1:52,,1:52,1:52,,,,,1,1,,,,,,1:52,,
2019-07-03,E170,N733YX,KATL,,KORD,2:05,,2:05,2:05,,,,,1,1,,,,,,2:05,,
2019-07-09,E170,N736YX,KORD,,KBNA,1:23,,1:23,1:23,,,,,1,1,,,,,,1:23,,
2019-07-09,E170,N736YX,KBNA,,KORD,2:08,,2:08,2:08,,,,,1,1,,,,,,2:08,,
2019-07-09,E170,N736YX,KORD,,KBHM,1:47,,1:47,1:47,,,,,1,1,,,,,,1:47,,
2019-07-10,E170,N751YX,KBHM,,KORD,2:07,,2:07,2:07,,,,,1,1,,,,,,2:07,,
2019-07-10,E170,N751YX,KORD,,KBNA,1:33,,1:33,1:33,,,,,1,1,,,,,,1:33,,
2019-07-10,E170,N751YX,KBNA,,KORD,2:11,,2:11,2:11,,,,,1,1,,,,,,2:11,,
2019-07-11,E170,N862RW,KORD,,KSRQ,2:54,,2:54,2:54,,,,,1,1,,,,,,2:54,,
2019-07-11,E170,N862RW,KSRQ,,KORD,3:05,,3:05,3:05,,,,,1,1,,,,,,3:05,,
2019-07-11,E170,N728YX,KORD,,KMSP,1:38,,1:38,1:38,,,,,1,1,,,,,,1:38,,
2019-07-12,E170,N736YX,KMSP,,KIAH,2:53,,2:53,2:53,,,,,1,1,,,,,,2:53,,
2019-07-12,E170,N736YX,KIAH,,KBHM,1:41,,1:41,1:41,,,,,1,1,,,,,,1:41,,
2019-07-12,E170,N736YX,KBHM,,KORD,1:56,,1:56,1:56,,,,,1,1,,,,,,1:56,,
2019-07-15,E170,N741YX,KORD,,KPIT,2:03,,2:03,2:03,,,,,1,,,1,,,0:15,2:03,,
2019-07-16,E170,N721YX,KPIT,,KIAH,2:51,,2:51,2:51,,,,,1,1,,,,,,2:51,,
2019-07-16,E170,N721YX,KIAH,,KCLE,2:48,,2:48,2:48,,,,,1,1,,,,,,2:48,,
2019-07-16,E170,N721YX,KCLE,,KORD,1:15,,1:15,1:15,,,,,1,1,,,,,,1:15,,
2019-07-17,E170,N723YX,KORD,,KORF,2:15,,2:15,2:15,,,,,1,1,,,,,,2:15,,
2019-07-17,E170,N723YX,KORF,,KORD,2:32,,2:32,2:32,,,,,1,,,1,,,0:18,2:32,,
2019-07-17,E170,N723YX,KORD,,KMSY,2:54,,2:54,2:54,,,,,,,1,1,,,2:54,2:54,,
2019-07-18,E170,N641RW,KMSY,,KDEN,2:45,,2:45,2:45,,,,,1,1,,,,,,2:45,,
2019-07-18,E170,N641RW,KDEN,,KMEM,2:12,,2:12,2:12,,,,,1,1,,,,,,2:12,,
2019-07-19,E170,N750YX,KMEM,,KDEN,2:18,,2:18,2:18,,,,,1,1,,,,,,2:18,,
2019-07-19,E170,N750YX,KDEN,,KSLC,1:38,,1:38,1:38,,,,,1,1,,,,,,1:38,,
2019-07-19,E170,N750YX,KSLC,,KORD,3:07,,3:07,3:07,,,,,1,1,,,,,,3:07,,
2019-07-22,E170,N855RW,KORD,,KDCA,1:48,,1:48,1:48,,,,,1,1,,,,,,1:48,,
2019-07-22,E170,N855RW,KDCA,,KORD,2:31,,2:31,2:31,,,,,1,1,,,,,,2:31,,
2019-07-23,E170,N641RW,KORD,,KSRQ,2:43,,2:43,2:43,,,,,1,1,,,,,,2:43,,
2019-07-23,E170,N641RW,KSRQ,,KORD,2:42,,2:42,2:42,,,,,1,1,,,,,,2:42,,
2019-07-23,E170,N741YX,KORD,,KBHM,1:46,,1:46,1:46,,,,,1,1,,,,,,1:46,,
2019-07-24,E170,N657RW,KBHM,,KORD,2:19,,2:19,2:19,,,,,1,1,,,,,,2:19,,
2019-07-24,E170,N721YX,KORD,,KDTW,1:24,,1:24,1:24,,,,,1,1,,,,,,1:24,,
2019-07-24,E170,N721YX,KDTW,,KORD,1:14,,1:14,1:14,,,,,1,1,,,,,,1:14,,
2019-08-16,E170,N859RW,KORD,,KSRQ,2:57,,2:57,2:57,,,,,1,1,,,,,,,,
2019-08-16,E170,N859RW,KSRQ,,KORD,3:00,,3:00,3:00,,,,,1,1,,,,,,,,
2019-08-20,E170,N639RW,KORD,,KFSD,1:59,,1:59,1:59,,,,,1,1,,,,,,,,
2019-08-20,E170,N639RW,KFSD,,KORD,1:50,,1:50,1:50,,,,,1,1,,,,,,,,
2019-08-21,E170,N647RW,KXNA,,KDEN,1:53,,1:53,1:53,,,,,1,1,,,,,,,,
2019-08-22,E170,N979RP,KORD,,KMCI,1:30,,1:30,1:30,,,,,1,1,,,,,,,,
2019-08-22,E170,N979RP,KMCI,,KEWR,2:53,,2:53,2:53,,,,,1,1,,,,,,,,
2019-08-22,E170,N640RW,KEWR,,KSDF,2:39,,2:39,2:39,,,,,,,1,1,,,2:39,,,
2019-08-26,E170,N748YX,KORD,,KDCA,1:44,,1:44,1:44,,,,,1,1,,,,,,,,
2019-08-26,E170,N748YX,KDCA,,KEWR,1:14,,1:14,1:14,,,,,1,1,,,,,,,,
2019-08-26,E170,N639RW,KEWR,,KSDF,2:21,,2:21,2:21,,,,,1,,,1,,,1:37,,,
2019-08-27,E170,N862RW,KSDF,,KIAH,2:30,,2:30,2:30,,,,,1,1,,,,,,,,
2019-08-27,E170,N862RW,KIAH,,KATL,2:02,,2:02,2:02,,,,,1,1,,,,,,,,
2019-08-27,E170,N862RW,KATL,,KORD,1:56,,1:56,1:56,,,,,1,1,,,,,,,,
2019-08-28,E170,N631RW,KORD,,KSYR,1:40,,1:40,1:40,,,,,1,1,,,,,,,,
2019-08-28,E170,N631RW,KSYR,,KORD,1:55,,1:55,1:55,,,,,1,1,,,,,,,,
2019-08-28,E170,N636RW,KORD,,KTVC,1:17,,1:17,1:17,,,,,1,1,,,,,,,,
2019-08-29,E170,N729YX,KTVC,,KDEN,3:05,,3:05,3:05,,,,,1,1,,,,,,,,
2019-08-29,E170,N656RW,KDEN,,KSLC,1:48,,1:48,1:48,,,,,1,1,,,,,,,,
2019-08-29,E170,N656RW,KSLC,,KORD,3:14,,3:14,3:14,,,,,1,1,,,,,,,,
2019-08-30,E170,N745YX,KORD,,KSAV,2:12,,2:12,2:12,,,,,1,1,,,,,,,,
2019-08-30,E170,N745YX,KSAV,,KORD,2:11,,2:11,2:11,,,,,1,1,,,,,,,,
2019-09-02,E170,N640RW,KORD,,KSYR,1:43,,1:43,1:43,,,,,1,1,,,,,,,,
2019-09-02,E170,N640RW,KSYR,,KORD,2:00,,2:00,2:00,,,,,1,1,,,,,,,,
2019-09-02,E170,N742YX,KORD,,KSAV,2:28,,2:28,2:28,,,,,1,1,,,,,,,,
2019-09-03,E170,N657RW,KSAV,,KORD,2:19,,2:19,2:19,,,,,1,1,,,,,,,,
2019-09-03,E170,N657RW,KORD,,KSYR,1:32,,1:32,1:32,,,,,1,1,,,,,,,,
2019-09-03,E170,N657RW,KSYR,,KORD,2:13,,2:13,2:13,,,,,1,1,,,,,,,,
2019-09-05,E170,N640RW,KORD,,KDCA,2:07,,2:07,2:07,,,,,1,1,,,,,,,,
2019-09-05,E170,N640RW,KDCA,,KEWR,1:09,,1:09,1:09,,,,,,,1,1,,,1:09,,,
2019-09-05,E170,N749YX,KEWR,,KBUF,1:15,,1:15,1:15,,,,,,,1,1,,,1:15,,,
2019-09-06,E170,N862RW,KORD,,KDCA,1:39,,1:39,1:39,,,,,1,,,1,,,0:04,,,
2019-09-06,E170,N862RW,KDCA,,KORD,1:56,,1:56,1:56,,,,,,,1,1,,,1:56,,,
2019-09-09,E170,N652RW,KORD,,KMSP,1:49,,1:49,1:49,,,,,1,1,,,,,,,,
2019-09-09,E170,N652RW,KMSP,,KEWR,2:56,,2:56,2:56,,,,,1,1,,,,,,,,
2019-09-09,E170,N652RW,KEWR,,KOMA,3:04,,3:04,3:04,,,,,,,1,1,,,3:04,,,
2019-09-10,E170,N862RW,KOMA,,KORD,1:38,,1:38,1:38,,,,,1,1,,,,,,,,
2019-09-11,E170,N417YX,KCLT,,KEYW,1:57,,1:57,1:57,,,,,1,1,,,,,,,,
2019-09-11,E170,N417YX,KEYW,,KCLT,2:07,,2:07,2:07,,,,,1,1,,,,,,,,
2019-09-11,E170,N417YX,KCLT,,KCMH,1:21,,1:21,1:21,,,,,,,1,1,,,1:21,,,
2019-09-12,E170,N445YX,KCMH,,KPHL,1:26,,1:26,1:26,,,,,1,1,,,,,,,,
2019-09-12,E170,N106HQ,KPHL,,KCVG,2:20,,2:20,2:20,,,,,1,,,1,,,0:22,,,
2019-09-13,E170,N728YX,KORD,,KLGA,1:58,,1:58,1:58,,,,,1,1,,,,,,,,
2019-09-13,E170,N728YX,KLGA,,KORD,2:26,,2:26,2:26,,,,,1,1,,,,,,,,
2019-09-16,E170,N732YX,KORD,,KDCA,2:12,,2:12,2:12,,,,,1,1,,,,,,,,
2019-09-16,E170,N732YX,KDCA,,KORD,1:58,,1:58,1:58,,,,,1,1,,,,,,,,
2019-09-17,E170,N863RW,KORD,,KDCA,1:43,,1:43,1:43,,,,,1,,,1,,,0:15,,,
2019-09-17,E170,N863RW,KDCA,,KORD,2:00,,2:00,2:00,,,,,,,1,1,,,2:00,,,
2019-09-23,E170,N857RW,KORD,,KDCA,1:40,,1:40,1:40,,,,,1,,,1,,,0:20,,,
2019-09-23,E170,N857RW,KDCA,,KORD,2:14,,2:14,2:14,,,,,,,1,1,,,2:14,,,
2019-09-25,E170,N119HQ,KMSP,,KDCA,2:11,,2:11,2:11,,,,,1,1,,,,,,,,
2019-09-25,E170,N413YX,KDCA,,KOKC,2:58,,2:58,2:58,,,,,1,,,1,,,1:29,,,
2019-10-03,E170,N214JQ,KORD,,KBOS,2:19,,2:19,2:19,,,,,,1,1,,,,0:33,,,
2019-10-03,E170,N203JQ,KBOS,,KIND,2:33,,2:33,2:33,,,,,1,1,,,,,,,,
2019-10-03,E170,N203JQ,KIND,,KBOS,2:08,,2:08,2:08,,,,,1,1,,,,,,,,
2019-10-04,E170,N213JQ,KBOS,,KCLE,2:13,,2:13,2:13,,,,,1,1,,,,,,,,
2019-10-04,E170,N213JQ,KCLE,,KBOS,1:35,,1:35,1:35,,,,,1,1,,,,,,,,
2019-10-04,E170,N213JQ,KBOS,,KORD,2:50,,2:50,2:50,,,,,1,1,,,,,,,,
2019-10-16,E170,N636RW,KORD,,KOMA,1:27,,1:27,1:27,,,,,1,1,,,,,,,,
2019-10-16,E170,N742YX,KOMA,,KEWR,4:15,,4:15,4:15,,,,,1,,,1,,,0:25,,,
2019-10-16,E170,N742YX,KEWR,,KIND,2:01,,2:01,2:01,,,,,,,1,1,,,2:01,,,
2019-10-17,E170,N650RW,KIND,,KIAH,2:32,,2:32,2:32,,,,,1,1,,,,,,,,
2019-10-17,E170,N650RW,KIAH,,KCLE,2:57,,2:57,2:57,,,,,1,1,,,,,,,,
2019-10-17,E170,N650RW,KCLE,,KORD,1:23,,1:23,1:23,,,,,1,1,,,,,,,,
2019-10-24,E170,N639RW,KORD,,KMCI,1:44,,1:44,1:44,,,,,1,1,,,,,,,,
2019-10-24,E170,N639RW,KMCI,,KEWR,2:22,,2:22,2:22,,,,,1,1,,,,,,,,
2019-10-24,E170,N641RW,KEWR,,KMSP,3:31,,3:31,3:31,,,,,,,1,1,,,3:31,,,
2019-10-25,E170,N651RW,KMSP,,KEWR,2:21,,2:21,2:21,,,,,1,1,,,,,,,,
2019-10-25,E170,N651RW,KEWR,,KDTW,1:55,,1:55,1:55,,,,,1,,,1,,,0:40,,,
2019-10-25,E170,N651RW,KDTW,,KORD,1:20,,1:20,1:20,,,,,,,1,1,,,1:20,,,
2019-10-28,E170,N742YX,KORD,,KSLC,3:52,,3:52,3:52,,,,,1,1,,,,,,,,
2019-10-28,E170,N742YX,KSLC,,KORD,2:49,,2:49,2:49,,,,,1,,,1,,,2:08,,,
2019-10-31,E170,N633RW,KORD,,KDCA,2:26,,2:26,2:26,,,,,1,1,,,,,,,,
2019-10-31,E170,N750YX,KDCA,,KEWR,1:25,,1:25,1:25,,,,,1,1,,,,,,,,
2019-10-31,E170,N857RW,KCHS,,KORD,2:11,,2:11,2:11,,,,,1,,,1,,,1:15,,,
2019-11-06,E170,N724YX,KORD,,KTUS,3:46,,3:46,3:46,,,,,1,1,,,,,,,,
2019-11-06,E170,N724YX,KTUS,,KORD,3:07,,3:07,3:07,,,,,1,1,,,,,,,,
2019-11-07,E170,N632RW,KORD,,CYYC,4:21,,4:21,4:21,,,,,1,1,,,,,,,,
2019-11-07,E170,N632RW,CYYC,,KORD,3:11,,3:11,3:11,,,,,1,,,1,,,1:58,,,
2019-11-08,E170,N864RW,KORD,,CYYC,4:08,,4:08,4:08,,,,,1,1,,,,,,,,
2019-11-08,E170,N864RW,CYYC,,KORD,3:14,,3:14,3:14,,,,,1,,,1,,,1:54,,,
2019-11-10,E170,N640RW,KORD,,KATL,1:52,,1:52,1:52,,,,,,,1,1,,,1:52,,,
2019-11-11,E170,N640RW,KATL,,KORD,2:03,,2:03,2:03,,,,,,,1,1,,,2:03,,,
2019-11-13,E170,N736YX,KORD,,KCLT,1:46,,1:46,1:46,,,,,1,1,,,,,,,,
2019-11-13,E170,N736YX,KCLT,,KORD,2:10,,2:10,2:10,,,,,1,1,,,,,,,,
2019-11-13,E170,N979RP,KORD,,KBTV,1:58,,1:58,1:58,,,,,1,,,1,,,0:15,,,
2019-11-14,E170,N979RP,KBTV,,KEWR,1:23,,1:23,1:23,,,,,,1,1,,,,0:53,,,
2019-11-14,E170,N979RP,KEWR,,KROC,1:21,,1:21,1:21,,,,,1,1,,,,,,,,
2019-11-14,E170,N979RP,KROC,,KORD,1:48,,1:48,1:48,,,,,1,1,,,,,,,,
2019-11-15,E170,N741YX,KORD,,KSLC,3:18,,3:18,3:18,,,,,1,1,,,,,,,,
2019-11-15,E170,N741YX,KSLC,,KORD,3:20,,3:20,3:20,,,,,1,,,1,,,2:41,,,
2019-11-19,E170,N747YX,KORD,,KSLC,3:28,,3:28,3:28,,,,,1,1,,,,,,,,
2019-11-19,E170,N747YX,KSLC,,KORD,3:00,,3:00,3:00,,,,,1,,,1,,,2:23,,,
2019-11-21,E170,N648RW,KORD,,KTUS,4:08,,4:08,4:08,,,,,1,1,,,,,,,,
2019-11-21,E170,N648RW,KTUS,,KORD,3:06,,3:06,3:06,,,,,1,1,,,,,,,,
2019-11-22,E170,N635RW,KORD,,CYYC,3:37,,3:37,3:37,,,,,1,1,,,,,,,,
2019-11-22,E170,N635RW,CYYC,,KORD,3:18,,3:18,3:18,,,,,1,,,1,,,2:10,,,
2019-11-27,E170,N863RW,KORD,,CYYC,4:15,,4:15,4:15,,,,,1,1,,,,,,,,
2019-11-27,E170,N863RW,CYYC,,KORD,3:39,,3:39,3:39,,,,,1,,,1,,,2:36,,,
2019-11-30,E170,N648RW,KORD,,KTUS,4:03,,4:03,4:03,,,,,1,1,,,,,,,,
2019-11-30,E170,N648RW,KTUS,,KORD,3:03,,3:03,3:03,,,,,1,1,,,,,,,,
2019-12-02,E170,N207JQ,KORD,,KBOS,2:54,,2:54,2:54,,,,,,1,1,,,,0:48,,,
2019-12-02,E170,N867RW,KBOS,,KORD,2:22,,2:22,2:22,,,,,1,1,,,,,,,,
2019-12-06,E170,N244JQ,KORD,,KBOS,2:29,,2:29,2:29,,,,,,,1,1,,,2:29,,,
2019-12-07,E170,N867RW,KBOS,,KORD,2:38,,2:38,2:38,,,,,,,1,1,,,2:38,,,
2019-12-08,E170,N850RW,KORD,,KBOS,2:06,,2:06,2:06,,,,,1,,,1,,,1:34,,,
2019-12-08,E170,N850RW,KBOS,,KORD,2:49,,2:49,2:49,,,,,,,1,1,,,2:49,,,
2019-12-09,E170,N243JQ,KORD,,KBOS,2:55,,2:55,2:55,,,,,,,1,1,,,2:55,,,
2019-12-09,E170,N243JQ,KBOS,,KORD,2:49,,2:49,2:49,,,,,,,1,1,,,2:49,,,
2019-12-10,E170,N235JQ,KORD,,KBOS,2:48,,2:48,2:48,,,,,1,,,1,,,2:44,,,
2019-12-11,E170,N868RW,KBOS,,KORD,2:51,,2:51,2:51,,,,,,,1,1,,,2:51,,,
2019-12-13,E170,N868RW,KORD,,KBOS,2:19,,2:19,2:19,,,,,,1,1,,,,,,,
2019-12-13,E170,N868RW,KBOS,,KORD,2:39,,2:39,2:39,,,,,1,1,,,,,0:55,,,
2019-12-19,E170,N855RW,KORD,,KLGA,2:20,,2:20,2:20,,,,,1,,,1,,,2:00,,,
2019-12-19,E170,N855RW,KLGA,,KORD,2:26,,2:26,2:26,,,,,,,1,1,,,2:26,,,
2019-12-20,E170,N815MD,KORD,,KBOS,2:15,,2:15,2:15,,,,,1,1,,,,,,,,
2019-12-20,E170,N815MD,KBOS,,KLGA,1:19,,1:19,1:19,,,,,1,,,1,,,0:55,,,
2019-12-20,E170,N213JQ,KLGA,,KORD,2:42,,2:42,2:42,,,,,,,1,1,,,2:42,,,
2019-12-24,E170,N642RW,KORD,,CYYC,3:38,,3:38,3:38,,,,,1,,,1,,,1:30,,,
2019-12-24,E170,N642RW,CYYC,,KORD,3:36,,3:36,3:36,,,,,,,1,1,,,3:36,,,
2019-12-26,E170,N744YX,KORD,,CYYC,3:42,,3:42,3:42,,,,,1,1,,,,,,,,
2019-12-26,E170,N744YX,CYYC,,KORD,3:19,,3:19,3:19,,,,,1,,,1,,,0:12,,,
2019-12-27,E170,N744YX,KORD,,CYYC,3:39,,3:39,3:39,,,,,1,1,,,,,,,,
2019-12-27,E170,N744YX,CYYC,,KORD,3:20,,3:20,3:20,,,,,1,,,1,,,0:12,,,
2020-01-06,E170,N654RW,KORD,,KLGA,2:08,,2:08,2:08,,,,,1,1,,,,,,,,
2020-01-06,E170,N654RW,KLGA,,KORD,2:58,,2:58,2:58,,,,,1,1,,,,,,,,
2020-01-07,E170,N979RP,KORD,,KRDU,1:58,,1:58,1:58,,,,,1,1,,,,,,,,
2020-01-07,E170,N979RP,KRDU,,KORD,2:36,,2:36,2:36,,,,,1,1,,,,,,,,
2020-01-07,E170,N979RP,KORD,,KFAR,2:01,,2:01,2:01,,,,,1,,,1,,,0:42,,,
2020-01-08,E170,N861RW,KFAR,,KORD,2:06,,2:06,2:06,,,,,,1,1,,,,1:39,,,
2020-01-08,E170,N861RW,KORD,,KLGA,2:20,,2:20,2:20,,,,,1,1,,,,,,,,
2020-01-08,E170,N861RW,KLGA,,KORD,2:28,,2:28,2:28,,,,,1,1,,,,,,,,
2020-01-09,E170,N647RW,KORD,,KLGA,2:06,,2:06,2:06,,,,,1,,,1,,,1:34,,,
2020-01-09,E170,N647RW,KLGA,,KORD,2:39,,2:39,2:39,,,,,,,1,1,,,2:39,,,
2020-01-10,E170,N651RW,KORD,,KLGA,2:14,,2:14,2:14,,,,,1,,,1,,,1:43,,,
2020-01-11,E170,N651RW,KLGA,,KORD,2:44,,2:44,2:44,,,,,,,1,1,,,2:44,,,
2020-01-15,E170,N240JQ,KORD,,KBOS,2:30,,2:30,2:30,,,,,1,1,,,,,,,,
2020-01-15,E170,N240JQ,KBOS,,KORD,3:05,,3:05,3:05,,,,,,,1,1,,,3:05,,,
2020-01-15,E170,N240JQ,KORD,,KBOS,2:15,,2:15,2:15,,,,,,,1,1,,,2:15,,,
2020-01-16,E170,N874RW,KBOS,,KRIC,1:48,,1:48,1:48,,,,,1,1,,,,,,,,
2020-01-16,E170,N874RW,KRIC,,KBOS,1:54,,1:54,1:54,,,,,,,1,1,,,1:54,,,
2020-01-16,E170,N201JQ,KBOS,,KORD,2:54,,2:54,2:54,,,,,,,1,1,,,2:54,,,
2020-01-20,E170,N639RW,KORD,,KRDU,2:09,,2:09,2:09,,,,,1,1,,,,,,,,
2020-01-20,E170,N639RW,KRDU,,KORD,2:28,,2:28,2:28,,,,,1,1,,,,,,,,
2020-01-20,E170,N639RW,KORD,,KFAR,2:10,,2:10,2:10,,,,,1,,,1,,,0:41,,,
2020-01-21,E170,N653RW,KFAR,,KORD,2:22,,2:22,2:22,,,,,,1,1,,,,1:36,,,
2020-01-21,E170,N653RW,KORD,,KLGA,2:17,,2:17,2:17,,,,,1,1,,,,,,,,
2020-01-21,E170,N653RW,KLGA,,KORD,2:55,,2:55,2:55,,,,,1,1,,,,,,,,
2020-01-28,,,KORD,,KDTW,1:28,,1:28,1:28,,,,,1,1,,,,,,,,
2020-01-28,,,KDTW,,KEWR,1:56,,1:56,1:56,,,,,1,1,,,,,,,,
2020-01-28,,,KEWR,,KRDU,1:50,,,,,,,,1,1,,,,,,,,
2020-01-28,,,KRDU,,KORD,2:20,,,,,,,,1,,,1,,,2:12,,,
2020-01-31,,,KORD,,KLGA,2:00,,,,,,,,1,,,1,,,1:12,,,
2020-02-01,,,KLGA,,KORD,2:29,,,,,,,,,,1,1,,,2:29,,,
2020-02-03,,,KORD,,KLGA,1:54,,,,,,,,1,1,,,,,,,,
2020-02-03,,,KLGA,,KORD,2:34,,,,,,,,1,1,,,,,,,,
2020-02-04,,,KORD,,KTUL,2:08,,,,,,,,1,1,,,,,,,,
2020-02-04,,,KTUL,,KIAH,1:43,,,,,,,,1,1,,,,,,,,
2020-02-05,,,KIAH,,KIND,1:56,,,,,,,,,,1,1,,,1:56,,,
2020-02-05,,,KIND,,KORD,1:07,,,,,,,,1,1,,,,,,,,
2020-02-05,,,KORD,,KLGA,2:17,,,,,,,,1,,,1,,,1:19,,,
2020-02-06,,,KLGA,,KORD,3:16,,,,,,,,,,1,1,,,3:16,,,
2020-02-06,,,KORD,,KBOS,3:17,,,,,,,,1,,,1,,,0:47,,,
2020-02-06,,,KBOS,,KPIT,1:56,,,,,,,,,,1,1,,,1:56,,,
2020-02-07,,,KPIT,,KBOS,1:44,,,,,,,,,,1,1,,,1:44,,,
2020-02-07,,,KBOS,,KDCA,2:09,,,,,,,,1,1,,,,,,,,
2020-02-11,,,KORD,,KLGA,2:01,,,,,,,,1,,,1,,,1:57,,,
2020-02-11,,,KORD,,KORD,0:49,,,,,,,,1,1,,,,,,,,
2020-02-12,,,KLGA,,KORD,2:51,,,,,,,,,,1,1,,,2:51,,,
2020-02-12,,,KORD,,KLGA,2:35,,,,,,,,1,,,1,,,1:30,,,
2020-02-13,,,KLGA,,KORD,2:48,,,,,,,,,,1,1,,,2:48,,,
2020-02-18,,,KORD,,KBOS,2:19,,,,,,,,,1,1,,,,0:34,,,
2020-02-18,,,KBOS,,KEWR,1:11,,,,,,,,1,1,,,,,,,,
2020-02-18,,,KEWR,,KBOS,1:01,,,,,,,,1,1,,,,,,,,
2020-02-19,,,KBOS,,KJFK,1:22,,,,,,,,1,1,,,,,,,,
2020-02-19,,,KJFK,,KRIC,1:42,,,,,,,,1,1,,,,,,,,
2020-02-19,,,KRIC,,KJFK,1:38,,,,,,,,1,,,1,,,1:32,,,
2020-02-20,,,KJFK,,KORD,2:42,,,,,,,,,,1,1,,,2:42,,,
2020-02-20,,,KORD,,KRDU,1:47,,,,,,,,1,1,,,,,,,,
2020-02-20,,,KRDU,,KORD,2:49,,,,,,,,1,,,1,,,1:31,,,
2020-02-24,,,KORD,,KRDU,1:49,,,,,,,,1,1,,,,,,,,
2020-02-24,,,KRDU,,KORD,2:19,,,,,,,,1,,,1,,,0:51,,,
2020-02-25,,,KORD,,KRDU,1:56,,,,,,,,1,1,,,,,,,,
2020-02-25,,,KRDU,,KORD,2:18,,,,,,,,1,,,1,,,0:47,,,
2020-02-28,,,KORD,,KRDU,1:45,,,,,,,,1,1,,,,,,,,
2020-02-28,,,KRDU,,KORD,2:50,,,,,,,,1,,,1,,,1:19,,,
2020-03-04,,,KORD,,KRDU,1:48,,,,,,,,1,1,,,,,,,,
2020-03-04,,,KRDU,,KEWR,1:32,,,,,,,,1,1,,,,,,,,
2020-03-04,,,KEWR,,KCVG,2:35,,,,,,,,1,,,1,,,1:25,,,
2020-03-05,,,KCVG,,KORD,1:22,,,,,,,,,,1,1,,,1:22,,,
2020-03-09,,,KORD,,KDCA,1:57,,,,,,,,1,1,,,,,,,,
2020-03-09,,,KDCA,,KEWR,1:19,,,,,,,,1,1,,,,,,,,
2020-03-09,,,KEWR,,KRDU,1:32,,,,,,,,1,1,,,,,,,,
2020-03-09,,,KRDU,,KORD,2:52,,,,,,,,1,,,1,,,0:03,,,
2020-03-12,,,KORD,,KRDU,1:53,,,,,,,,1,1,,,,,,,,
2020-03-12,,,KRDU,,KEWR,1:40,,,,,,,,1,1,,,,,,,,
2020-03-12,,,KEWR,,KDTW,2:00,,,,,,,,1,1,,,,,,,,
2020-03-12,,,KDTW,,KORD,1:12,,,,,,,,,,1,1,,,1:12,,,
2020-03-13,,,KORD,,KEYW,3:05,,,,,,,,1,1,,,,,,,,
2020-03-13,,,KEYW,,KEWR,3:25,,,,,,,,1,1,,,,,,,,
2020-03-17,,,KORD,,KMSP,1:23,,,,,,,,1,1,,,,,,,,
2020-03-17,,,KMSP,,KORD,1:13,,,,,,,,1,1,,,,,,,,
2020-03-18,,,KORD,,KDTW,1:03,,,,,,,,,1,1,,,,0:47,,,
2020-03-18,,,KDTW,,KEWR,1:30,,,,,,,,1,1,,,,,,,,
2020-03-18,,,KEWR,,KMSP,3:00,,,,,,,,1,1,,,,,,,,
2020-03-20,,,KORD,,KDCA,1:36,,,,,,,,1,1,,,,,,,,
2020-03-20,,,KDCA,,KEWR,1:22,,,,,,,,1,1,,,,,,,,
2020-03-20,,,KEWR,,KRDU,1:40,,,,,,,,1,1,,,,,,,,
2020-03-20,,,KRDU,,KORD,2:22,,,,,,,,1,1,,,,,,,,
2020-03-23,,,KORD,,KDTW,1:07,,,,,,,,1,1,,,,,,,,
2020-03-23,,,KDTW,,KEWR,1:31,,,,,,,,1,1,,,,,,,,
2020-03-23,,,KEWR,,KRDU,1:58,,,,,,,,1,1,,,,,,,,
2020-03-23,,,KRDU,,KORD,2:28,,,,,,,,1,1,,,,,,,,
2020-04-07,,,KORD,,KEYW,2:42,,,,,,,,1,1,,,,,,,,
2020-04-07,,,KEYW,,KMIA,0:40,,,,,,,,1,1,,,,,,,,
2020-04-08,,,KIAD,,KPWM,1:34,,,,,,,,1,1,,,,,,,,
2020-04-08,,,KPWM,,KORD,2:38,,,,,,,,1,1,,,,,,,,
2020-04-10,,,KIAD,,KPWM,1:31,,,,,,,,1,1,,,,,,,,
2020-04-10,,,KPWM,,KORD,2:20,,,,,,,,1,1,,,,,,,,
2020-04-13,,,KIAD,,KPWM,1:22,,,,,,,,1,1,,,,,,,,
2020-04-13,,,KPWM,,KORD,2:39,,,,,,,,1,1,,,,,,,,
2020-05-02,,,KIAH,,KMAF,1:23,,,,,,,,1,1,,,,,,,,
2020-05-02,,,KMAF,,KDEN,1:42,,,,,,,,1,1,,,,,,,,
2020-05-04,,,KIAH,,KATL,1:56,,,,,,,,1,,,1,,,1:22,,,
2020-05-04,,,KATL,,KORD,1:52,,,,,,,,,,1,1,,,1:52,,,
2020-05-13,,,KRIC,,KIAD,0:40,,,,,,,,1,1,,,,,,,,
2020-05-17,,,KORD,,KRIC,2:06,,,,,,,,1,1,,,,,,,,
2020-05-17,,,KRIC,,KORD,2:40,,,,,,,,1,1,,,,,,,,
2020-05-27,,,KORD,,KCMH,1:08,,,,,,,,1,1,,,,,,,,
2020-06-02,,,KRDU,,KEWR,1:23,,,,,,,,1,1,,,,,,,,
2020-06-02,,,KEWR,,KDFW,3:20,,,,,,,,1,1,,,,,,,,
2020-06-03,,,KORD,,KLGA,1:58,,,,,,,,1,1,,,,,,,,
2020-06-03,,,KLGA,,KORD,2:29,,,,,,,,1,1,,,,,,,,
2020-06-07,,,KORD,,KRSW,2:46,,,,,,,,1,1,,,,,,,,
2020-06-07,,,KRSW,,KEYW,0:46,,,,,,,,1,1,,,,,,,,
2020-06-08,,,KEYW,,KRSW,1:15,,,,,,,,1,1,,,,,,,,
2020-06-08,,,KRSW,,KORD,2:54,,,,,,,,1,1,,,,,,,,
2020-06-12,,,KORD,,KPWM,2:10,,,,,,,,1,1,,,,,,,,
2020-06-12,,,KPWM,,KORD,2:46,,,,,,,,1,1,,,,,,,,
2020-06-13,,,KORD,,KRIC,1:56,,,,,,,,1,1,,,,,,,,
2020-06-13,,,KRIC,,KORD,2:04,,,,,,,,1,1,,,,,,,,
2020-06-16,,,KORD,,KPWM,2:18,,,,,,,,1,1,,,,,,,,
2020-06-16,,,KPWM,,KORD,2:27,,,,,,,,1,1,,,,,,,,
2020-06-19,,,KSTL,,KEWR,2:30,,,,,,,,1,1,,,,,,,,
2020-06-19,,,KEWR,,KRIC,1:12,,,,,,,,1,1,,,,,,,,
2020-06-21,,,KSDF,,KIAD,1:28,,,,,,,,1,1,,,,,,,,
2020-06-21,,,KIAD,,KBOS,1:35,,,,,,,,1,1,,,,,,,,
2020-06-22,,,KBOS,,KEWR,1:06,,,,,,,,1,1,,,,,,,,
2020-06-22,,,KEWR,,KSTL,2:20,,,,,,,,1,1,,,,,,,,
2020-06-28,,,KSDF,,KIAD,1:26,,,,,,,,1,1,,,,,,,,
2020-06-28,,,KIAD,,KBOS,1:46,,,,,,,,1,1,,,,,,,,
2020-06-29,,,KBOS,,KEWR,1:08,,,,,,,,1,1,,,,,,,,
2020-06-29,,,KEWR,,KSTL,2:26,,,,,,,,1,1,,,,,,,,
2020-06-30,,,KORD,,KBOS,2:39,,,,,,,,1,1,,,,,,,,
2020-06-30,,,KBOS,,KEWR,1:08,,,,,,,,1,1,,,,,,,,
2020-06-30,,,KEWR,,KIAD,1:13,,,,,,,,1,1,,,,,,,,
2020-07-06,,,KORD,,KCLT,1:56,,,,,,,,1,1,,,,,,,,
2020-07-06,,,KCLT,,KORD,1:56,,,,,,,,1,1,,,,,,,,
2020-07-07,,,KORD,,KMSP,1:31,,,,,,,,1,1,,,,,,,,
2020-07-07,,,KMSP,,KORD,1:22,,,,,,,,1,1,,,,,,,,
2020-07-08,,,KXNA,,KMIA,2:47,,,,,,,,,1,1,,,,0:45,,,
2020-07-08,,,KMIA,,KEYW,0:47,,,,,,,,1,1,,,,,,,,
2020-07-09,,,KEYW,,KMIA,0:48,,,,,,,,1,1,,,,,,,,
2020-07-09,,,KMIA,,KIND,2:38,,,,,,,,1,1,,,,,,,,
2020-07-19,,,KORD,,KPHL,2:02,,,,,,,,1,1,,,,,,,,
2020-07-19,,,KPHL,,KORD,2:47,,,,,,,,1,1,,,,,,,,
2020-07-19,,,KORD,,KBUF,1:23,,,,,,,,1,1,,,,,,,,
2020-07-20,,,KBUF,,KEWR,1:13,,,,,,,,1,1,,,,,,,,
2020-07-20,,,KEWR,,KCLE,1:23,,,,,,,,1,1,,,,,,,,
2020-07-20,,,KCLE,,KORD,1:26,,,,,,,,1,1,,,,,,,,
2020-07-26,,,KORD,,KRDU,1:56,,,,,,,,1,1,,,,,,,,
2020-07-26,,,KRDU,,KEWR,1:29,,,,,,,,1,1,,,,,,,,
2020-07-26,,,KEWR,,KCLT,1:38,,,,,,,,1,1,,,,,,,,
2020-07-27,,,KCLT,,KEWR,1:38,,,,,,,,1,1,,,,,,,,
2020-07-28,,,KORD,,KMSP,1:17,,,,,,,,1,1,,,,,,,,
2020-07-28,,,KMSP,,KORD,1:23,,,,,,,,1,1,,,,,,,,
2020-07-29,,,KDSM,,KORD,1:22,,,,,,,,1,1,,,,,,,,
2020-07-29,,,KORD,,KIAD,1:45,,,,,,,,1,1,,,,,,,,
2020-07-29,,,KIAD,,KORD,1:54,,,,,,,,1,1,,,,,,,,
2020-07-30,,,KLGA,,KCLT,1:58,,,,,,,,1,1,,,,,,,,
2020-07-31,,,KCLT,,KLGA,1:36,,,,,,,,1,1,,,,,,,,
2020-07-31,,,KLGA,,KRIC,1:25,,,,,,,,1,1,,,,,,,,
2020-07-31,,,KRIC,,KDTW,1:41,,,,,,,,1,1,,,,,,,,
2020-08-03,,,KORD,,KPVD,2:06,,,,,,,,1,1,,,,,,,,
2020-08-03,,,KPVD,,KORD,2:35,,,,,,,,1,1,,,,,,,,
2020-08-04,,,KORD,,KPVD,2:15,,,,,,,,1,1,,,,,,,,
2020-08-04,,,KPVD,,KORD,2:44,,,,,,,,1,1,,,,,,,,
2020-08-07,,,KEWR,,KIAD,1:10,,,,,,,,1,1,,,,,,,,
2020-08-07,,,KIAD,,KORD,1:47,,,,,,,,1,1,,,,,,,,
2020-08-10,,,KORD,,KELP,3:13,,,,,,,,1,1,,,,,,,,
2020-08-10,,,KELP,,KORD,3:23,,,,,,,,1,1,,,,,,,,
2020-08-11,,,KEWR,,KIAD,0:57,,,,,,,,1,1,,,,,,,,
2020-08-11,,,KIAD,,KORD,1:52,,,,,,,,1,1,,,,,,,,
2020-08-12,,,KORD,,KCMH,1:15,,,,,,,,1,1,,,,,,,,
2020-08-12,,,KCMH,,KORD,1:15,,,,,,,,1,1,,,,,,,,
2020-08-13,,,KORD,,KMSN,1:10,,,,,,,,1,1,,,,,,,,
2020-08-13,,,KMSN,,KORD,0:52,,,,,,,,1,1,,,,,,,,
2020-08-13,,,KORD,,KDCA,1:42,,,,,,,,1,1,,,,,,,,
2020-08-13,,,KDCA,,KORD,1:50,,,,,,,,1,1,,,,,,,,
2020-08-18,,,KORD,,KCHS,2:17,,,,,,,,1,1,,,,,,,,
2020-08-18,,,KCHS,,KIAD,1:19,,,,,,,,1,1,,,,,,,,
2020-08-20,,,KORD,,KELP,2:52,,,,,,,,1,1,,,,,,,,
2020-08-20,,,KELP,,KORD,3:06,,,,,,,,1,1,,,,,,,,
2020-08-20,,,KORD,,KMSN,0:47,,,,,,,,1,1,,,,,,,,
2020-08-21,,,KMSN,,KORD,1:07,,,,,,,,1,1,,,,,,,,
2020-08-21,,,KORD,,KELP,2:55,,,,,,,,1,1,,,,,,,,
2020-08-21,,,KELP,,KORD,3:04,,,,,,,,1,1,,,,,,,,
2020-08-27,,,KCMH,,KIAD,1:16,,,,,,,,1,1,,,,,,,,
2020-08-28,,,KSAT,,KEWR,3:35,,,,,,,,1,1,,,,,,,,
2020-08-28,,,KEWR,,KDCA,1:09,,,,,,,,1,1,,,,,,,,
2020-08-29,,,KDCA,,KORD,2:50,,,,,,,,,,1,1,,,2:50,,,
2020-09-01,,,KORD,,CYYC,3:56,,,,,,,,1,1,,,,,,,,
2020-09-01,,,CYYC,,KORD,3:07,,,,,,,,1,1,,,,,,,,
2020-09-02,,,KORD,,KSAT,3:16,,,,,,,,1,1,,,,,,,,
2020-09-02,,,KSAT,,KORD,2:33,,,,,,,,1,1,,,,,,,,
2020-09-02,,,KORD,,CYYZ,1:26,,,,,,,,1,,,1,,,0:28,,,
2020-09-03,,,CYYZ,,KORD,1:36,,,,,,,,1,1,,,,,,,,
2020-09-03,,,KORD,,KSRQ,2:45,,,,,,,,1,1,,,,,,,,
2020-09-03,,,KSRQ,,KORD,3:04,,,,,,,,1,1,,,,,,,,
2020-09-07,,,KORD,,KOMA,1:31,,,,,,,,1,1,,,,,,,,
2020-09-07,,,KOMA,,KORD,1:43,,,,,,,,1,1,,,,,,,,
2020-09-07,,,KORD,,KSDF,1:25,,,,,,,,1,1,,,,,,,,
2020-09-07,,,KSDF,,KORD,1:47,,,,,,,,1,,,1,,,0:03,,,
2020-09-10,,,KORD,,KSDF,1:11,,,,,,,,1,1,,,,,,,,
2020-09-10,,,KSDF,,KORD,1:25,,,,,,,,1,1,,,,,,,,
2020-09-11,,,KORD,,KTVC,1:09,,,,,,,,,,1,1,,,1:09,,,
2020-09-11,,,KTVC,,KORD,1:17,,,,,,,,1,1,,,,,,,,
2020-09-11,,,KORD,,KSRQ,2:37,,,,,,,,1,1,,,,,,,,
2020-09-11,,,KSRQ,,KORD,2:44,,,,,,,,1,1,,,,,,,,
2020-09-22,,,KORD,,KAUS,2:47,,,,,,,,,,,,,,,,,
2020-09-22,,,KSAT,,KAUS,0:33,,,,,,,,,,,,,,,,,
2020-09-22,,,KAUS,,KORD,2:21,,,,,,,,,,,,,,,,,
2020-09-23,,,KORD,,KROC,1:38,,,,,,,,1,1,,,,,,,,
2020-09-23,,,KROC,,KORD,1:50,,,,,,,,1,1,,,,,,,,
2020-09-25,,,KORD,,KSLC,3:25,,,,,,,,1,1,,,,,,,,
2020-09-25,,,KSLC,,KORD,2:52,,,,,,,,1,1,,,,,,,,
2020-09-28,,,KORD,,KPHL,1:55,,,,,,,,1,1,,,,,,,,
2020-09-28,,,KPHL,,KORD,2:00,,,,,,,,1,1,,,,,,,,
2020-09-28,,,KORD,,KCHS,2:24,,,,,,,,1,1,,,,,,,,
2020-09-29,,,KCHS,,KORD,1:51,,,,,,,,1,1,,,,,,,,
2020-09-29,,,KORD,,KIND,0:52,,,,,,,,1,1,,,,,,,,
2020-09-29,,,KIND,,KORD,1:08,,,,,,,,1,1,,,,,,,,
2020-09-30,,,KORD,,KRAP,2:56,,,,,,,,1,1,,,,,,,,
2020-09-30,,,KRAP,,KORD,1:51,,,,,,,,1,1,,,,,,,,
2020-09-30,,,KORD,,KGRR,0:57,,,,,,,,1,,,1,,,0:35,,,
2020-10-01,,,KGRR,,KORD,0:49,,,,,,,,1,1,,,,,,,,
2020-10-01,,,KORD,,KPWM,2:16,,,,,,,,1,1,,,,,,,,
2020-10-01,,,KPWM,,KORD,2:38,,,,,,,,1,,,1,,,0:01,,,
